followers_count,following_count,posts_per_day,avg_hashtags_per_post,avg_urls_per_post,account_age_days,has_profile_pic,is_fraud
1084,598,3.65,2.4,0.2,483,1,0
29,2164,90.91,4.5,4.59,28,0,1
50,2969,16.62,7.81,3.91,43,1,1
116,162,2.47,2.05,0.26,792,1,0
35,2471,4.22,2.11,0.27,193,1,0
1107,559,1.29,1.93,0.63,2158,1,0
1152,400,0.99,1.32,0.11,1393,1,0
4,571,24.43,10.47,4.82,6,1,1
473,162,0.92,1.35,0.65,2306,1,0
4,667,40.1,5.86,2.48,48,1,1
341,966,2.27,1.3,0.22,2103,1,0
47,587,70.06,4.98,4.61,31,0,1
45,1178,21.1,9.46,2.35,43,1,1
1007,341,3.36,0.53,0.63,977,1,0
230,77,3.96,0.32,0.61,1118,0,0
459,39,2.02,1.83,0.1,2709,0,0
200,560,2.24,0.43,0.32,974,1,0
255,642,5.41,1.2,0.73,1300,1,0
86,484,3.22,1.09,0.52,2296,0,0
139,519,4.17,2.42,0.62,3049,1,0
242,64,4.8,1.68,0.09,1248,1,0
446,246,3.02,0.68,0.33,1277,1,0
905,235,5.02,2.16,0.21,2154,1,0
1302,117,4.23,1.6,0.27,566,1,0
835,171,4.05,1.11,0.58,757,1,0
17,604,19.94,4.89,3.31,17,1,1
38,210,2.36,0.24,0.14,1411,1,0
340,322,3.77,0.22,0.4,3088,1,0
709,169,4.76,1.98,0.44,3126,1,0
40,608,4.94,0.48,0.25,203,1,0
920,311,2.41,1.06,0.05,1064,1,0
2224,771,0.63,2.27,0.64,2530,1,0
334,164,0.86,0.72,0.23,1626,1,0
33,165,96.41,11.54,4.25,59,0,1
165,186,46.08,5.8,2.19,10,0,1
77,1049,27.49,10.49,3.73,24,1,1
210,189,5.55,0.87,0.4,2864,1,0
68,83,0.54,1.65,0.39,559,1,0
482,130,3.25,1.76,0.11,987,1,0
399,336,2.88,0.3,0.17,1508,1,0
60,762,5.9,2.02,0.69,888,1,0
161,1229,5.97,1.84,0.79,1887,1,0
374,380,0.9,1.63,0.79,729,1,0
120,3264,96.61,8.17,4.92,45,0,1
418,526,1.86,1.67,0.55,646,1,0
916,296,0.57,0.22,0.32,2974,1,0
633,120,2.27,2.15,0.6,440,1,0
47,282,4.14,0.47,0.27,1363,1,0
3029,38,4.69,1.05,0.34,2450,1,0
1838,364,2.46,2.01,0.24,1870,1,0
54,402,31.29,11.35,1.86,31,0,1
2,140,29.89,10.93,2.49,57,0,1
29,1054,58.92,10.07,2.49,22,1,1
147,2553,50.65,10.24,3.17,30,0,1
566,102,2.32,2.17,0.21,367,1,0
142,877,49.8,10.49,4.43,21,1,1
914,445,1.33,2.21,0.45,1011,1,0
52,74,4.71,0.2,0.36,1743,1,0
2198,122,2.17,0.9,0.22,154,1,0
2073,121,4.15,1.91,0.69,1439,1,0
266,518,4.99,0.62,0.33,2900,1,0
2544,581,2.66,1.56,0.55,389,1,0
62,301,81.35,8.67,4.83,4,0,1
582,160,4.43,1.95,0.13,1717,1,0
306,1100,5.05,1.8,0.59,1558,1,0
741,542,5.24,0.83,0.66,745,1,0
275,1556,5.21,1.81,0.6,1864,1,0
35,626,28.86,10.29,4.07,24,0,1
1125,24,4.37,2.43,0.38,866,1,0
85,969,97.2,4.41,3.27,43,1,1
10,1870,61.98,7.17,1.96,52,0,1
252,157,5.29,1.75,0.65,913,1,0
538,735,5.48,0.23,0.56,308,1,0
17,503,45.0,8.97,2.67,44,0,1
4,1784,39.29,7.46,3.9,21,0,1
24,3279,69.55,9.37,3.71,13,0,1
70,217,38.62,6.21,3.01,58,0,1
468,99,5.84,0.46,0.35,2400,1,0
359,190,2.69,0.81,0.2,1623,1,0
233,447,5.83,1.59,0.11,380,1,0
18,206,65.92,8.99,3.77,17,0,1
2041,135,4.22,1.83,0.51,1104,1,0
576,824,5.71,0.44,0.17,3031,1,0
1317,110,3.73,1.81,0.56,1394,0,0
554,136,2.98,2.4,0.35,2711,1,0
699,1529,1.06,0.22,0.38,432,1,0
123,726,36.99,7.48,4.03,2,0,1
600,426,1.83,1.84,0.12,757,1,0
68,115,36.11,5.72,2.45,16,0,1
398,547,3.84,1.75,0.11,3052,1,0
1011,712,5.63,1.45,0.2,2031,1,0
67,910,20.82,6.97,4.72,35,0,1
16,605,91.1,9.33,4.26,28,0,1
201,508,2.85,1.22,0.54,3005,1,0
88,480,52.73,4.18,2.55,31,0,1
435,1067,1.08,1.96,0.36,2148,1,0
134,89,0.89,0.63,0.55,2839,1,0
723,66,2.09,0.91,0.24,1720,1,0
294,194,5.06,2.02,0.28,2937,1,0
267,195,3.28,2.36,0.71,462,1,0
513,299,1.57,2.18,0.56,2705,1,0
857,251,3.86,0.57,0.56,696,1,0
186,70,1.41,0.2,0.59,2383,1,0
135,54,0.61,0.58,0.72,886,1,0
6,376,59.13,8.86,2.36,5,0,1
190,119,5.78,1.62,0.47,1418,1,0
497,496,4.36,0.59,0.43,1406,1,0
50,936,24.81,8.85,1.91,21,0,1
736,112,2.66,2.26,0.2,1698,1,0
40,649,0.88,1.29,0.47,2066,1,0
205,24,4.48,1.43,0.68,2655,1,0
428,182,4.85,1.24,0.19,2757,1,0
32,186,47.97,10.43,4.66,13,0,1
105,642,61.05,11.74,1.73,39,0,1
312,671,2.88,2.49,0.47,1129,1,0
22,612,20.84,6.96,3.12,43,1,1
62,109,33.5,9.29,3.19,2,1,1
919,338,0.87,1.96,0.49,2534,1,0
82,902,26.93,9.37,3.67,45,0,1
160,904,4.62,2.29,0.62,1971,1,0
110,1051,68.75,5.25,3.16,43,0,1
12,514,35.53,5.72,2.99,54,0,1
154,52,4.33,1.08,0.67,2161,1,0
220,491,1.95,2.36,0.53,1139,1,0
157,494,1.7,1.57,0.25,2169,1,0
933,592,1.53,0.4,0.57,1273,1,0
2,430,17.86,11.03,2.35,34,0,1
55,529,91.32,11.1,2.64,54,1,1
1077,765,1.87,1.53,0.1,439,1,0
267,571,4.94,2.17,0.8,886,0,0
347,75,0.62,1.03,0.64,1876,1,0
667,125,0.58,1.96,0.52,2475,0,0
1118,406,3.6,1.64,0.7,1940,1,0
2835,585,2.93,1.83,0.34,848,1,0
132,3011,44.06,8.22,2.24,59,1,1
659,672,4.43,1.56,0.09,1537,1,0
709,206,5.68,0.58,0.43,2257,1,0
53,454,28.28,9.09,3.6,12,1,1
394,460,5.11,0.59,0.06,2526,1,0
61,2103,83.24,11.69,3.38,30,0,1
9,1035,38.55,11.37,3.54,36,0,1
62,32,2.83,0.39,0.51,2836,1,0
675,114,5.25,2.24,0.2,2399,1,0
1003,2376,0.67,2.26,0.52,3118,1,0
1157,45,2.34,0.35,0.78,2641,1,0
1698,55,2.62,0.36,0.21,849,1,0
217,62,1.42,0.54,0.78,2465,1,0
377,150,4.89,0.95,0.27,859,1,0
207,195,4.21,0.34,0.21,2617,1,0
281,819,1.35,0.39,0.41,1072,1,0
82,262,64.36,8.04,2.0,38,0,1
431,54,3.03,0.9,0.67,323,1,0
397,536,3.66,1.73,0.63,2779,1,0
493,753,5.94,2.25,0.33,745,1,0
68,846,56.07,10.71,2.76,51,0,1
268,262,4.69,0.49,0.2,3051,1,0
533,366,3.19,1.68,0.22,1835,1,0
55,267,63.52,5.48,2.48,14,0,1
1078,154,5.6,2.43,0.48,586,1,0
80,603,22.4,8.45,4.46,48,0,1
700,119,1.7,2.21,0.24,952,0,0
1257,649,3.95,1.93,0.16,1547,1,0
89,286,5.56,0.29,0.27,782,1,0
1464,272,3.06,1.95,0.17,1636,1,0
575,3109,4.73,1.12,0.67,670,0,0
12,557,58.4,8.92,4.69,31,0,1
60,34,3.53,1.21,0.68,640,0,0
387,128,0.77,1.87,0.13,2005,1,0
144,211,4.91,1.1,0.61,532,1,0
192,472,3.61,2.34,0.34,351,0,0
1082,317,4.76,0.74,0.31,241,1,0
691,1102,1.96,1.61,0.56,1118,1,0
1794,884,4.56,0.84,0.26,3088,0,0
785,510,3.92,2.48,0.28,1186,1,0
380,141,2.39,2.12,0.75,716,1,0
1613,45,1.01,0.57,0.5,608,1,0
385,298,1.86,1.28,0.55,2441,1,0
547,958,5.0,1.94,0.09,170,1,0
55,682,49.2,11.08,4.63,54,0,1
734,146,1.55,0.62,0.31,1461,1,0
106,551,3.42,0.86,0.42,1064,1,0
371,91,1.14,1.46,0.73,1199,1,0
54,3049,84.78,8.53,3.8,54,0,1
20,111,85.26,10.41,1.87,35,0,1
105,1596,1.68,0.35,0.5,2403,0,0
675,323,1.07,0.6,0.48,1053,1,0
86,4619,37.07,11.76,3.01,22,0,1
62,491,3.02,0.72,0.51,921,1,0
297,713,5.01,1.3,0.31,1255,1,0
268,113,0.97,1.27,0.41,2714,1,0
317,680,5.03,1.08,0.39,1075,1,0
7,3085,73.13,8.25,1.61,29,0,1
9,1275,97.55,8.5,4.0,5,0,1
104,399,5.66,1.72,0.11,1231,1,0
339,737,4.98,1.61,0.33,928,1,0
293,233,4.22,1.71,0.1,1355,1,0
9,2031,18.56,7.35,2.09,53,0,1
14,867,77.18,11.66,2.27,53,1,1
125,1209,68.53,7.23,4.13,32,1,1
28,1546,85.08,5.17,4.42,33,1,1
368,210,5.53,0.78,0.68,1626,1,0
251,360,2.29,0.29,0.25,169,1,0
2054,221,4.51,1.0,0.55,2606,1,0
26,1782,37.6,11.92,1.59,37,1,1
728,71,5.66,0.62,0.52,829,1,0
504,235,1.38,0.59,0.36,2459,1,0
82,219,1.05,0.24,0.55,1987,1,0
189,29,5.09,2.44,0.15,855,1,0
1595,237,0.78,0.29,0.48,1348,0,0
555,24,4.83,0.9,0.08,1944,1,0
2215,334,2.01,1.83,0.25,2907,1,0
508,40,2.84,2.11,0.65,834,1,0
1049,1085,1.02,1.24,0.3,2805,1,0
172,578,0.78,1.33,0.38,1169,1,0
38,293,63.62,10.44,4.16,10,0,1
217,199,2.75,1.76,0.09,255,1,0
746,105,4.03,0.8,0.71,2881,1,0
14,682,35.45,9.38,4.39,41,1,1
333,87,4.56,1.03,0.55,975,1,0
246,286,99.02,11.82,4.28,40,0,1
1236,156,3.07,1.62,0.36,1453,1,0
528,780,1.61,2.35,0.57,2660,1,0
937,26,5.0,0.29,0.72,3175,1,0
171,599,1.89,2.19,0.13,534,1,0
702,770,2.28,1.76,0.5,1989,1,0
543,244,2.02,1.97,0.22,2261,1,0
50,1612,33.59,4.48,1.96,37,1,1
57,549,2.38,1.3,0.75,1162,1,0
1,193,36.98,4.22,3.71,26,0,1
145,160,4.15,2.42,0.09,2865,1,0
42,863,20.9,4.72,3.6,21,1,1
343,81,4.43,0.87,0.44,2278,1,0
972,471,4.24,2.38,0.27,153,1,0
177,453,3.99,1.56,0.06,2372,1,0
686,345,2.39,0.51,0.12,2686,1,0
53,220,49.17,9.83,4.23,8,0,1
777,196,1.9,0.23,0.46,2746,1,0
530,308,0.97,1.46,0.33,2001,1,0
194,59,2.23,0.42,0.18,3161,1,0
485,847,5.98,1.54,0.66,1147,1,0
26,1327,72.99,6.52,1.97,38,0,1
44,1400,74.55,10.03,4.56,30,1,1
49,327,17.18,6.28,3.05,37,1,1
161,73,5.8,0.45,0.41,1935,1,0
83,43,1.08,1.55,0.46,862,1,0
86,146,57.34,9.51,2.38,19,0,1
1399,684,3.71,1.88,0.32,2104,1,0
11,1430,62.3,6.87,4.69,3,0,1
3,1700,74.68,6.65,3.86,24,1,1
31,684,94.45,6.01,1.92,35,1,1
314,45,2.37,1.36,0.17,2157,1,0
390,195,2.7,0.46,0.71,1415,1,0
54,741,70.1,4.49,4.35,56,0,1
1884,85,3.13,1.58,0.49,1374,1,0
111,218,1.39,1.89,0.21,328,1,0
572,842,3.67,0.99,0.65,1797,1,0
42,2724,48.69,6.37,2.0,10,0,1
573,53,5.67,1.94,0.49,2676,1,0
418,417,5.06,2.0,0.26,3019,1,0
1278,1435,1.47,1.86,0.08,1386,1,0
551,1119,4.2,1.31,0.66,3049,0,0
203,199,84.22,6.24,1.96,27,0,1
317,42,3.8,2.28,0.34,809,1,0
59,707,5.04,1.55,0.31,2589,1,0
88,1198,81.67,8.79,2.95,57,0,1
47,373,68.18,8.57,2.15,5,0,1
895,316,1.75,1.73,0.11,1497,1,0
11,348,47.87,4.41,2.89,31,0,1
319,750,1.3,1.36,0.1,367,1,0
530,861,3.57,2.41,0.09,448,0,0
11,957,69.87,4.36,4.81,50,0,1
5,304,25.79,4.99,3.31,16,0,1
228,1368,95.66,5.14,2.84,34,0,1
1,1320,69.55,7.29,3.21,26,0,1
275,97,1.04,2.4,0.5,2372,1,0
329,128,1.03,0.61,0.65,2216,1,0
33,2912,21.18,6.24,2.72,47,1,1
195,849,5.07,0.72,0.35,1399,1,0
10,1865,43.41,9.85,2.97,35,1,1
82,2314,20.07,9.54,1.99,26,0,1
26,906,99.7,5.08,3.86,24,0,1
133,1212,5.34,2.29,0.79,785,1,0
693,284,2.8,1.02,0.5,1905,1,0
412,342,3.64,0.68,0.61,226,1,0
939,351,1.94,1.8,0.48,2578,1,0
595,287,1.23,0.8,0.36,1977,1,0
233,22,3.23,0.86,0.6,223,1,0
1732,96,3.09,0.41,0.52,1829,1,0
472,927,1.58,0.25,0.7,1910,1,0
575,684,2.86,1.92,0.73,1894,1,0
217,108,1.86,0.9,0.47,1943,1,0
603,54,0.98,0.6,0.44,802,1,0
26,1937,16.18,9.2,3.84,48,1,1
42,86,5.37,1.25,0.47,2172,1,0
1640,2336,4.46,0.86,0.71,300,1,0
1396,138,1.71,0.52,0.69,1675,1,0
14,1660,79.6,6.5,2.94,14,1,1
652,1110,2.17,2.0,0.62,2259,1,0
330,76,4.19,1.88,0.48,780,1,0
254,243,4.05,1.91,0.22,1386,1,0
162,631,5.5,1.05,0.61,2885,1,0
151,1272,2.57,0.98,0.1,1632,1,0
201,172,4.95,2.21,0.28,2769,1,0
898,83,4.3,2.37,0.56,1161,1,0
52,885,25.2,6.5,4.31,51,0,1
153,538,71.3,10.01,4.34,56,0,1
1203,76,4.38,1.91,0.56,919,1,0
140,42,4.45,1.29,0.69,1319,1,0
91,975,31.08,9.76,3.29,37,0,1
1088,727,4.4,0.44,0.68,2196,1,0
300,865,4.49,0.46,0.36,2853,0,0
1982,474,3.97,0.82,0.24,3023,1,0
926,219,1.27,0.22,0.46,3126,1,0
23,563,59.25,7.53,4.58,31,0,1
8,4565,36.25,4.59,3.82,36,0,1
359,634,1.58,2.09,0.54,1427,1,0
207,577,3.32,0.94,0.5,3186,1,0
1550,189,0.8,0.67,0.36,819,0,0
1509,762,4.58,0.59,0.14,356,1,0
1615,245,1.16,1.38,0.31,1293,1,0
791,66,0.7,2.49,0.22,314,1,0
2,646,83.2,6.73,3.05,41,0,1
1215,824,0.55,1.99,0.4,3165,1,0
2630,581,1.87,1.44,0.79,2765,1,0
62,566,15.59,7.23,2.32,49,0,1
88,100,41.16,5.93,2.32,5,0,1
516,157,2.8,1.07,0.71,2911,1,0
270,65,5.74,0.34,0.27,1059,1,0
137,631,1.17,1.66,0.14,365,1,0
156,708,3.5,0.38,0.77,903,1,0
140,789,0.57,1.38,0.63,3001,1,0
86,2510,31.93,6.27,2.51,23,0,1
501,89,4.3,0.59,0.28,1685,1,0
837,434,1.36,1.46,0.12,1300,1,0
54,148,5.76,2.39,0.31,281,1,0
328,1200,1.28,1.96,0.13,3142,1,0
75,561,68.35,5.54,2.01,56,1,1
110,1180,83.7,4.55,2.67,20,0,1
293,84,3.78,2.07,0.34,553,1,0
192,162,4.04,1.58,0.57,1255,1,0
166,273,4.91,0.61,0.13,2845,1,0
720,30,4.3,0.93,0.09,2009,1,0
323,53,1.31,0.89,0.12,2928,0,0
426,72,2.19,2.33,0.17,3095,1,0
841,336,5.36,1.47,0.45,746,1,0
1519,178,2.55,1.95,0.3,3053,1,0
575,871,0.77,0.79,0.4,842,1,0
1539,240,2.38,2.41,0.38,1641,1,0
1471,356,4.69,2.07,0.31,1472,1,0
300,651,5.68,1.63,0.61,2605,1,0
331,41,2.71,1.75,0.39,2434,1,0
51,326,78.7,8.37,2.21,18,1,1
425,117,5.82,1.84,0.77,1452,1,0
1399,317,4.39,0.78,0.39,526,1,0
30,36,5.88,0.76,0.55,2709,1,0
129,540,3.8,1.88,0.63,3125,1,0
280,438,0.88,2.26,0.14,1149,1,0
575,220,3.1,2.17,0.31,2802,1,0
75,2168,30.45,7.44,2.08,42,0,1
635,107,1.66,0.3,0.29,1857,1,0
689,248,5.74,1.85,0.75,1759,1,0
62,537,1.17,0.9,0.45,1871,1,0
139,211,3.89,2.43,0.6,2963,1,0
567,105,4.17,1.63,0.5,1643,1,0
21,905,31.79,10.44,2.15,6,0,1
674,250,2.02,1.48,0.31,2995,1,0
35,537,77.66,4.29,3.16,21,1,1
1,985,77.96,7.88,1.8,58,0,1
601,127,3.16,1.19,0.11,473,1,0
194,106,3.28,1.97,0.1,1909,1,0
52,41,5.09,0.47,0.08,1485,1,0
212,239,0.72,1.23,0.48,1891,1,0
257,65,2.52,0.43,0.62,3097,1,0
1231,387,4.35,0.86,0.52,1539,1,0
880,152,2.25,2.33,0.09,1631,1,0
595,336,1.87,0.99,0.69,1855,1,0
6,117,96.91,7.02,3.61,6,1,1
1647,362,1.19,1.54,0.62,1389,1,0
53,2624,68.0,5.05,2.58,13,1,1
887,471,2.16,0.62,0.62,1596,1,0
605,36,2.29,1.28,0.16,3153,1,0
113,111,4.73,1.18,0.47,214,0,0
384,698,5.37,0.4,0.45,2935,1,0
89,257,94.51,10.01,4.79,41,0,1
140,454,43.23,9.61,4.18,55,0,1
80,1575,20.42,7.1,2.49,19,1,1
647,525,5.87,1.07,0.65,1475,1,0
149,1200,1.7,0.95,0.62,1350,1,0
30,1591,34.41,4.47,2.55,29,0,1
22,661,19.88,8.67,4.6,10,0,1
55,697,74.59,7.29,3.27,2,1,1
679,35,2.53,2.45,0.37,1680,1,0
787,368,4.89,2.19,0.39,1599,1,0
171,1414,22.07,10.9,3.18,5,0,1
353,860,1.62,2.1,0.47,316,1,0
36,478,54.9,10.86,2.57,13,0,1
18,1765,55.09,5.82,2.08,21,1,1
282,1793,3.17,0.61,0.72,1554,1,0
206,156,23.22,9.76,2.49,12,0,1
2,1738,26.43,7.74,3.62,26,0,1
948,24,4.69,2.25,0.37,1783,1,0
25,2502,90.98,6.69,3.65,55,1,1
456,261,2.03,2.41,0.16,1918,1,0
17,671,99.9,4.44,3.52,6,0,1
377,305,1.92,0.93,0.12,1074,1,0
145,548,63.52,11.28,1.52,49,1,1
87,90,5.78,1.44,0.06,935,1,0
738,548,5.97,0.86,0.45,1776,1,0
10,4271,87.53,7.99,3.61,15,0,1
742,309,5.95,1.61,0.33,2505,1,0
321,190,2.87,2.0,0.41,2571,1,0
21,1926,35.25,5.8,3.27,17,0,1
53,887,52.87,11.74,3.5,52,0,1
535,829,3.71,1.85,0.33,431,1,0
331,827,1.84,2.42,0.77,905,1,0
1385,1379,2.94,0.94,0.44,2247,1,0
830,41,0.77,1.09,0.32,1112,1,0
262,105,2.2,2.44,0.36,1506,1,0
2486,130,4.25,1.85,0.51,420,1,0
4,1097,77.86,5.69,4.45,3,1,1
31,369,26.37,11.63,1.75,13,0,1
49,965,25.68,6.32,2.34,14,0,1
760,118,2.52,1.1,0.78,3061,1,0
195,48,2.24,0.81,0.43,2522,1,0
1148,198,4.28,0.92,0.1,2289,0,0
345,179,4.31,1.96,0.28,2625,1,0
384,539,4.31,2.47,0.22,2170,1,0
124,287,78.9,8.55,2.46,29,0,1
549,899,3.63,1.65,0.44,306,1,0
436,168,1.5,1.36,0.29,937,1,0
115,1071,5.27,1.83,0.13,2516,1,0
74,233,69.73,10.67,3.52,39,0,1
481,33,4.01,0.39,0.38,1042,1,0
115,490,4.87,0.58,0.13,593,1,0
480,271,1.09,1.69,0.7,2675,1,0
4,231,19.19,6.06,1.97,17,0,1
1748,397,5.09,1.83,0.13,2394,1,0
51,558,99.8,6.11,2.48,55,0,1
60,1521,86.09,11.8,4.91,5,1,1
653,436,1.21,1.7,0.79,2931,1,0
54,199,5.05,1.81,0.39,318,1,0
32,3002,69.49,6.49,3.34,5,1,1
297,279,2.45,1.77,0.55,2331,1,0
257,73,4.11,0.29,0.5,2802,1,0
30,776,21.54,9.37,4.37,16,0,1
92,2406,35.67,8.4,2.17,7,1,1
86,1669,19.15,10.75,3.03,21,0,1
5,1654,64.51,5.49,2.16,12,0,1
561,753,0.6,0.31,0.48,2649,1,0
288,382,2.01,0.26,0.6,2058,1,0
68,1337,32.5,6.82,1.94,9,1,1
1203,1335,3.96,0.62,0.13,2629,1,0
607,628,4.37,2.12,0.09,2429,1,0
17,1225,41.7,11.66,1.62,35,0,1
777,97,1.79,1.34,0.74,795,1,0
883,297,5.51,0.54,0.53,860,1,0
720,380,4.65,0.91,0.39,1386,1,0
237,159,2.45,1.5,0.24,2941,1,0
1386,63,4.11,2.29,0.18,3103,1,0
1778,471,2.16,0.63,0.28,433,1,0
96,239,4.88,0.53,0.15,2112,1,0
91,93,5.58,2.09,0.32,2150,1,0
57,1362,68.44,6.13,1.64,28,1,1
535,734,5.95,0.58,0.57,2206,1,0
213,1376,35.71,10.39,1.87,47,1,1
319,418,2.87,1.21,0.28,2474,1,0
1725,96,5.31,1.9,0.24,355,1,0
122,1203,76.29,6.06,4.02,3,0,1
621,83,5.03,0.74,0.54,1385,1,0
6,118,92.31,6.16,4.37,59,0,1
214,454,5.81,2.31,0.43,2575,1,0
190,3767,28.92,6.4,1.85,17,1,1
315,57,2.38,2.46,0.52,1419,1,0
215,1991,38.93,4.56,1.7,8,0,1
1615,294,5.14,1.23,0.58,2382,1,0
23,1215,21.01,6.89,3.37,59,0,1
1045,246,4.88,1.57,0.71,1403,1,0
626,236,1.29,0.42,0.06,2814,1,0
12,1565,42.2,8.05,2.07,57,1,1
1226,228,4.69,0.53,0.06,210,1,0
394,311,0.54,1.17,0.59,1500,1,0
189,690,3.74,0.68,0.23,2065,1,0
352,139,5.27,1.74,0.39,1638,1,0
621,197,5.98,1.3,0.41,1875,1,0
998,259,4.45,1.55,0.42,736,1,0
15,2809,43.51,11.62,3.37,38,0,1
113,208,1.05,1.63,0.39,2522,1,0
137,228,5.6,1.83,0.36,1727,1,0
209,1307,39.26,8.69,1.88,58,0,1
53,409,75.99,10.21,3.86,37,1,1
79,180,1.87,2.47,0.34,2384,1,0
173,129,2.05,1.15,0.23,209,1,0
2051,187,2.36,0.22,0.56,2667,1,0
134,644,3.89,0.3,0.52,1092,1,0
911,686,2.7,2.38,0.35,2504,1,0
1396,973,0.98,2.35,0.67,2563,1,0
1011,779,2.09,2.39,0.09,607,1,0
544,434,0.59,2.41,0.08,586,0,0
42,3061,71.61,10.58,1.55,33,0,1
35,182,73.18,8.03,4.18,30,0,1
656,95,5.3,1.61,0.17,3085,1,0
75,414,1.89,2.05,0.66,3135,1,0
394,580,1.23,1.46,0.46,422,1,0
96,2232,23.44,4.73,2.42,52,0,1
793,62,3.93,1.02,0.64,862,1,0
191,520,5.31,0.49,0.7,1960,1,0
28,292,74.53,10.07,1.87,31,1,1
138,892,95.77,8.29,2.88,51,0,1
32,841,86.98,10.66,2.91,21,0,1
43,399,82.49,7.89,2.67,8,0,1
1818,165,1.43,1.26,0.28,257,1,0
501,340,2.46,1.23,0.77,1300,1,0
14,773,79.56,5.65,3.98,3,0,1
75,554,62.92,5.64,4.1,5,1,1
162,849,2.44,1.86,0.29,2913,1,0
147,291,0.95,0.65,0.76,3128,1,0
1570,334,1.98,1.82,0.54,3166,1,0
56,158,24.66,4.03,5.0,48,1,1
36,492,27.86,6.28,2.82,45,0,1
78,27,1.06,1.14,0.75,2094,1,0
406,199,1.1,2.21,0.64,662,1,0
430,412,5.7,1.53,0.46,303,1,0
11,136,78.18,9.79,1.98,50,0,1
18,414,46.65,6.04,3.21,25,1,1
3,268,19.49,9.01,1.69,50,0,1
479,349,1.44,0.65,0.29,1960,1,0
104,1424,0.62,2.05,0.64,1056,1,0
124,498,4.04,2.0,0.75,2260,1,0
197,758,1.65,0.37,0.58,1377,1,0
53,204,95.57,6.07,2.68,25,0,1
35,244,49.08,6.81,4.2,48,0,1
23,614,27.87,10.39,3.98,13,0,1
6,1188,25.32,11.89,4.23,24,0,1
1483,343,1.46,1.07,0.68,2114,1,0
101,2568,93.18,4.76,3.4,44,1,1
47,300,82.78,9.76,1.8,28,0,1
21,120,49.03,8.4,3.67,40,1,1
175,71,5.18,0.56,0.78,2719,1,0
2421,60,2.17,1.67,0.31,2981,1,0
508,377,4.09,0.79,0.32,2723,1,0
88,1009,79.79,9.71,2.23,34,1,1
369,1379,2.99,0.53,0.34,3052,1,0
1245,872,2.43,0.39,0.59,1100,1,0
380,285,4.78,1.08,0.38,1297,1,0
477,681,2.49,1.41,0.55,971,1,0
1655,534,3.67,1.69,0.07,2035,1,0
503,198,0.95,0.64,0.76,1396,1,0
62,35,4.44,1.44,0.43,891,1,0
140,104,3.03,0.86,0.24,2117,1,0
88,694,21.21,6.19,4.93,36,1,1
34,312,0.71,1.51,0.74,3103,1,0
31,3290,72.26,4.52,3.13,15,0,1
394,369,2.46,0.58,0.43,2682,1,0
277,1116,5.52,0.68,0.08,2410,1,0
172,2526,66.05,8.24,1.6,16,0,1
624,345,4.58,0.84,0.47,418,1,0
862,492,5.95,0.84,0.42,1155,1,0
1196,481,5.35,0.67,0.71,332,1,0
20,515,58.53,11.53,1.67,22,1,1
332,108,2.84,1.09,0.74,2473,1,0
223,788,19.95,6.1,3.03,11,1,1
903,144,3.75,1.86,0.76,2838,1,0
924,350,3.54,0.46,0.14,1765,1,0
42,533,0.68,1.57,0.45,3104,1,0
69,340,5.13,2.49,0.37,1126,1,0
157,402,2.73,0.29,0.31,958,1,0
1813,144,4.96,0.33,0.45,365,1,0
902,449,5.03,1.69,0.78,2327,1,0
37,236,59.9,5.01,3.57,29,0,1
36,106,3.2,2.39,0.34,1444,1,0
585,162,2.76,0.7,0.77,548,1,0
2,375,81.34,5.61,1.78,29,0,1
83,679,4.74,2.3,0.69,2233,1,0
946,767,4.89,1.37,0.22,2728,1,0
198,286,34.18,5.69,4.27,12,0,1
328,127,86.0,6.92,4.45,34,1,1
1593,23,0.91,0.78,0.55,2859,1,0
47,329,83.42,11.74,2.44,30,0,1
521,299,1.29,1.22,0.3,1741,1,0
35,592,4.42,1.04,0.09,2452,1,0
194,176,1.51,1.53,0.17,1236,1,0
42,637,50.72,8.5,1.52,6,1,1
78,510,5.56,0.82,0.33,1885,1,0
1737,558,0.98,1.74,0.36,1585,0,0
157,645,3.0,0.89,0.34,2755,1,0
220,69,1.89,2.32,0.49,1777,1,0
303,678,3.38,0.47,0.15,1787,1,0
251,834,4.7,0.77,0.08,460,1,0
163,205,3.26,1.87,0.13,1389,1,0
496,702,1.44,2.06,0.57,1845,1,0
348,79,4.16,1.41,0.53,1180,1,0
561,55,2.97,1.94,0.65,1658,1,0
216,231,5.44,2.26,0.56,2769,1,0
1231,174,1.48,0.75,0.36,916,1,0
8,486,63.64,7.53,2.71,45,1,1
878,181,4.59,0.55,0.15,1204,1,0
199,46,1.22,2.18,0.53,922,1,0
479,446,1.78,2.19,0.28,2267,0,0
309,193,3.49,0.37,0.64,814,1,0
1005,350,4.57,1.72,0.32,2617,1,0
538,567,2.58,0.9,0.39,2644,1,0
502,453,5.47,0.43,0.22,2312,1,0
1197,234,0.99,1.21,0.22,1038,1,0
77,723,2.85,1.57,0.12,1178,1,0
1984,678,3.03,0.71,0.75,1201,1,0
526,1171,0.52,0.75,0.75,671,1,0
536,811,3.12,2.49,0.56,375,1,0
344,155,3.57,0.9,0.11,154,1,0
1117,359,6.0,0.86,0.26,637,1,0
231,649,5.48,2.44,0.22,2837,1,0
101,836,4.0,0.58,0.37,1026,1,0
31,5089,19.65,6.84,3.19,31,0,1
813,850,5.66,2.05,0.69,1829,1,0
247,223,2.24,1.27,0.26,3082,1,0
6,923,19.85,4.88,2.27,28,0,1
81,1579,51.24,6.67,2.61,46,0,1
37,654,3.12,0.5,0.23,2994,1,0
772,283,3.36,2.44,0.77,806,1,0
11,364,72.47,7.24,4.76,7,0,1
126,2679,28.3,6.93,3.67,11,1,1
1507,93,1.17,0.4,0.73,740,1,0
387,385,0.89,0.72,0.75,2920,1,0
41,178,3.95,0.83,0.73,2083,1,0
1468,1285,0.93,1.42,0.28,1348,1,0
547,1287,3.27,0.39,0.52,1187,1,0
372,105,1.55,1.97,0.25,2490,1,0
262,270,5.69,2.34,0.21,1242,1,0
36,778,91.56,11.44,2.84,30,1,1
1016,21,2.26,1.17,0.22,758,0,0
648,141,0.79,0.73,0.65,2747,1,0
27,4291,32.05,5.72,2.52,12,0,1
121,1150,50.02,11.48,1.67,14,0,1
603,36,2.72,1.69,0.57,2096,1,0
88,242,1.21,2.38,0.41,1117,1,0
443,168,4.97,2.19,0.55,293,1,0
894,78,1.76,2.23,0.07,2445,1,0
385,22,5.01,1.03,0.46,2215,1,0
1903,323,2.7,2.39,0.53,1059,1,0
1139,199,4.13,1.28,0.2,1985,1,0
349,336,2.9,1.92,0.67,2502,0,0
159,327,5.64,2.12,0.68,1074,1,0
411,88,0.67,2.38,0.23,881,1,0
1612,366,4.17,2.3,0.31,2045,0,0
154,731,4.72,1.01,0.33,1777,0,0
195,113,1.88,2.05,0.26,734,1,0
101,403,21.68,6.85,4.12,33,1,1
1955,649,3.82,1.33,0.08,3152,1,0
129,459,2.06,1.55,0.49,1509,1,0
16,754,60.7,9.31,4.24,24,0,1
127,1099,2.61,1.88,0.07,775,1,0
1293,319,5.61,1.31,0.42,515,1,0
200,939,5.51,2.37,0.44,2215,1,0
114,387,0.69,1.34,0.17,707,1,0
29,1173,21.33,8.03,2.14,35,0,1
518,556,2.35,1.96,0.37,1626,1,0
41,444,3.9,0.91,0.11,427,1,0
731,74,2.46,1.56,0.68,283,1,0
1352,23,1.61,2.41,0.51,948,1,0
47,132,5.35,1.16,0.59,2950,1,0
157,311,5.49,2.05,0.1,2262,1,0
1458,72,3.44,2.22,0.36,1620,1,0
17,531,95.34,6.26,3.11,40,0,1
429,556,5.27,1.64,0.55,535,1,0
115,616,1.96,2.35,0.59,2449,1,0
381,404,4.73,0.44,0.77,2865,1,0
1068,312,3.04,0.92,0.49,2376,1,0
625,500,4.41,0.32,0.69,1547,1,0
196,283,5.38,1.07,0.61,445,1,0
2903,608,1.66,1.35,0.23,1399,1,0
915,123,5.57,1.56,0.33,1680,1,0
522,286,3.28,0.61,0.66,1802,1,0
73,3064,95.52,6.95,1.97,32,0,1
1660,101,1.89,1.14,0.34,2573,1,0
142,144,3.3,0.54,0.51,1875,1,0
1695,993,5.7,0.76,0.15,1071,1,0
179,2257,24.35,11.58,2.98,2,0,1
58,333,2.36,1.29,0.51,2799,1,0
371,704,5.48,0.48,0.45,1017,0,0
56,2284,28.85,10.5,4.49,55,0,1
118,525,61.95,4.4,1.65,43,0,1
15,332,71.95,4.0,4.32,6,0,1
322,285,2.45,0.94,0.77,2106,0,0
367,851,2.16,0.42,0.62,1998,1,0
63,80,3.92,0.68,0.43,1811,1,0
149,2132,76.4,4.62,1.87,30,0,1
2327,89,3.18,1.04,0.53,543,1,0
222,894,0.72,2.3,0.67,1057,1,0
49,1382,3.4,0.9,0.32,352,1,0
3,1270,52.63,11.59,2.36,32,0,1
758,48,1.57,0.69,0.6,726,1,0
175,811,5.68,1.39,0.31,863,0,0
217,444,3.43,2.37,0.35,2266,1,0
461,144,3.0,1.28,0.58,3018,1,0
55,294,3.49,0.59,0.62,3154,1,0
161,852,4.37,1.24,0.46,2741,1,0
310,291,3.69,0.63,0.73,2206,1,0
92,390,1.17,0.38,0.45,1378,1,0
86,245,1.46,2.47,0.47,2246,1,0
89,1509,2.07,1.17,0.54,225,1,0
491,150,0.84,0.57,0.72,2242,1,0
70,489,3.65,1.13,0.32,811,1,0
2147,97,3.78,1.18,0.39,925,1,0
428,333,2.18,0.62,0.11,2328,1,0
732,217,2.79,1.28,0.33,456,1,0
683,458,2.07,1.26,0.2,791,0,0
114,360,34.34,6.24,1.95,39,0,1
116,433,2.37,1.83,0.47,930,1,0
7,945,52.16,6.14,3.61,52,1,1
591,227,1.74,0.79,0.41,1270,1,0
305,207,2.61,2.12,0.54,2023,1,0
86,143,89.02,8.1,2.89,30,1,1
37,840,2.96,0.99,0.15,1490,1,0
340,474,2.81,2.41,0.5,2612,1,0
333,184,3.63,2.18,0.11,371,1,0
173,461,3.49,2.12,0.14,545,1,0
147,689,42.79,8.85,4.76,50,1,1
2,231,66.8,10.56,2.5,15,1,1
3,607,57.99,8.48,4.05,22,0,1
558,337,4.02,0.8,0.11,513,1,0
35,2118,74.61,10.31,2.73,25,0,1
11,169,65.23,11.91,2.08,4,1,1
204,727,4.37,2.38,0.36,2169,1,0
627,258,1.54,1.37,0.45,2622,1,0
55,232,76.25,8.0,4.63,55,0,1
1061,35,2.52,1.45,0.16,2426,0,0
10,1056,75.72,11.33,3.97,40,0,1
30,71,3.44,1.75,0.36,2378,1,0
4,334,86.4,9.8,4.63,8,1,1
170,24,5.99,0.85,0.55,688,1,0
1436,174,4.19,0.63,0.52,1176,1,0
255,98,5.46,1.11,0.23,1517,1,0
69,4002,52.23,10.89,3.48,11,1,1
462,440,5.39,1.21,0.73,2439,1,0
584,177,5.91,1.73,0.08,1146,1,0
64,29,2.98,0.97,0.38,951,1,0
59,894,32.01,6.56,3.57,6,0,1
75,689,4.64,1.93,0.59,2191,1,0
52,143,67.82,10.22,3.25,22,0,1
647,492,5.29,0.99,0.63,1862,1,0
480,311,3.68,1.92,0.77,374,1,0
1694,321,3.88,1.31,0.12,2492,1,0
254,166,5.11,0.37,0.71,932,1,0
138,1346,50.23,9.52,2.7,18,1,1
863,433,2.45,0.31,0.07,1840,1,0
492,755,0.68,1.04,0.23,1514,1,0
155,377,93.4,7.41,4.95,34,1,1
33,571,5.47,0.52,0.12,1444,1,0
499,319,1.28,0.2,0.66,417,1,0
124,357,71.55,4.63,3.61,11,1,1
245,268,3.8,0.59,0.61,1073,1,0
133,486,1.21,1.18,0.24,2432,1,0
107,2546,31.7,8.91,1.81,24,1,1
676,412,2.05,1.07,0.13,2343,1,0
770,134,2.28,0.97,0.07,1190,1,0
1395,312,3.01,0.27,0.71,189,1,0
34,560,93.56,4.2,3.53,33,0,1
366,442,4.5,0.2,0.75,651,1,0
213,35,1.18,2.47,0.29,501,1,0
64,2220,36.84,4.17,2.28,5,0,1
29,387,58.86,6.03,4.79,54,0,1
292,211,2.77,1.87,0.39,2763,1,0
275,349,1.02,0.66,0.36,778,1,0
133,263,3.83,1.79,0.34,2800,1,0
29,176,54.5,10.57,3.65,50,0,1
105,25,2.17,1.81,0.64,1052,1,0
357,231,1.77,0.51,0.2,318,1,0
1,1185,41.89,11.79,2.18,22,0,1
1,2110,17.72,11.52,4.62,33,0,1
666,215,4.06,0.3,0.09,1544,1,0
110,221,84.93,5.68,2.88,20,0,1
127,300,4.91,1.22,0.42,2738,1,0
34,427,90.22,8.62,2.27,17,1,1
57,1955,1.22,2.03,0.35,1651,1,0
349,328,0.77,0.21,0.23,2225,1,0
7,682,70.07,9.7,2.12,6,1,1
211,787,5.25,1.98,0.18,2656,1,0
574,184,1.94,0.48,0.43,1935,1,0
33,596,69.49,11.21,2.07,24,0,1
50,1535,94.21,6.23,4.83,5,0,1
65,916,3.41,1.74,0.67,608,0,0
1296,171,1.21,1.28,0.5,244,1,0
50,238,5.42,2.46,0.53,642,1,0
465,86,5.57,1.94,0.6,2313,1,0
172,486,1.71,1.21,0.64,2541,1,0
972,749,4.1,0.73,0.26,1110,1,0
16,358,53.7,11.27,1.87,43,1,1
90,1043,3.63,1.04,0.62,934,1,0
54,751,2.96,1.66,0.22,2215,1,0
414,404,3.01,2.26,0.42,2717,1,0
27,387,49.52,10.61,2.3,32,1,1
291,431,1.85,0.45,0.65,451,1,0
1189,190,5.85,2.45,0.25,274,1,0
389,62,4.39,0.27,0.7,572,1,0
145,1310,4.31,2.04,0.35,1175,1,0
423,341,3.97,0.79,0.76,667,1,0
1,821,43.34,7.59,3.5,27,0,1
66,1373,85.83,6.0,3.63,35,0,1
429,170,1.28,0.69,0.13,2233,1,0
1834,543,0.79,2.23,0.7,1502,1,0
187,935,91.95,4.66,2.17,27,0,1
85,4989,48.05,4.38,4.3,37,0,1
439,562,4.74,1.35,0.28,3119,1,0
344,151,4.52,0.76,0.18,1765,1,0
624,70,4.1,0.85,0.05,537,1,0
1242,126,4.78,1.6,0.78,1289,1,0
4,655,96.92,8.31,2.51,8,1,1
52,615,95.83,4.18,2.56,55,0,1
15,940,85.02,4.83,4.8,48,0,1
776,214,2.71,2.0,0.77,536,1,0
423,208,2.5,0.32,0.56,1480,1,0
85,1884,56.34,6.39,3.73,18,0,1
66,145,23.06,4.05,2.04,6,1,1
234,84,1.83,2.35,0.44,1262,1,0
26,548,32.62,7.02,2.61,41,0,1
44,174,31.26,7.26,4.78,23,1,1
206,74,0.82,0.9,0.17,680,1,0
39,346,2.59,1.37,0.47,1105,1,0
823,840,1.56,0.42,0.72,1217,1,0
297,73,3.74,1.41,0.2,1528,1,0
565,60,3.51,1.82,0.64,2068,1,0
62,1344,17.08,7.29,2.67,40,0,1
566,997,4.89,2.32,0.78,182,1,0
349,806,1.88,2.46,0.51,2570,1,0
151,588,0.62,2.08,0.06,2154,1,0
597,496,2.38,0.45,0.1,1946,1,0
68,884,50.91,7.18,1.59,21,1,1
1270,179,3.73,2.15,0.38,204,1,0
458,1415,4.31,0.36,0.19,2502,1,0
49,1237,17.41,10.63,4.26,17,1,1
175,36,1.61,0.61,0.3,1426,1,0
418,146,0.66,1.59,0.35,1060,1,0
854,800,3.22,0.5,0.57,778,1,0
70,717,1.19,2.28,0.7,1566,1,0
609,669,2.87,2.01,0.4,3019,1,0
402,634,5.02,1.48,0.18,1576,1,0
868,686,0.68,1.28,0.53,2681,0,0
96,974,31.77,6.54,2.49,32,0,1
133,690,1.23,0.74,0.39,1727,1,0
385,644,3.9,0.46,0.17,1482,1,0
846,367,2.63,0.59,0.22,1905,1,0
464,94,4.15,2.16,0.24,1649,1,0
273,381,1.0,1.59,0.12,3075,1,0
961,507,3.74,1.23,0.69,3068,1,0
135,1063,60.76,7.64,2.23,2,0,1
457,211,2.97,2.46,0.31,1529,1,0
59,617,3.64,1.95,0.16,1894,1,0
185,24,1.22,0.91,0.14,3156,1,0
7,344,64.95,4.51,4.52,57,0,1
388,28,4.02,1.15,0.25,780,1,0
352,99,4.29,1.5,0.69,508,1,0
701,68,4.32,1.22,0.76,581,1,0
25,3556,43.05,11.7,4.66,17,1,1
3286,136,2.9,1.4,0.27,196,1,0
17,744,29.54,10.99,3.97,6,1,1
666,1271,0.52,0.77,0.75,2993,1,0
900,58,3.33,0.73,0.19,2621,1,0
409,1135,1.52,2.45,0.8,1844,1,0
257,241,2.2,0.85,0.78,617,1,0
30,382,5.54,0.86,0.19,2137,1,0
728,173,1.89,2.4,0.74,1544,1,0
31,707,28.32,7.41,3.38,3,0,1
942,475,3.99,2.29,0.06,1848,1,0
497,176,1.25,2.24,0.4,2828,1,0
702,672,4.13,1.12,0.44,2599,1,0
324,60,5.53,0.41,0.54,1410,1,0
712,47,3.77,1.98,0.67,670,1,0
670,874,3.17,1.45,0.74,2894,1,0
222,219,2.63,0.86,0.25,2776,1,0
57,308,44.28,4.49,2.44,46,1,1
13,785,54.98,10.99,4.17,31,1,1
1157,23,2.72,2.29,0.61,1805,1,0
286,314,4.1,1.16,0.59,2776,1,0
390,229,4.28,0.77,0.53,2826,1,0
1481,2014,1.08,0.74,0.76,3072,1,0
39,90,5.98,0.61,0.43,2737,0,0
586,149,5.24,0.85,0.57,2206,1,0
2,678,39.58,10.47,4.3,28,0,1
586,722,2.84,0.83,0.25,1785,1,0
378,58,4.45,0.69,0.2,1408,1,0
556,205,2.97,1.44,0.2,625,1,0
371,232,0.7,1.35,0.47,1854,1,0
147,136,4.96,2.38,0.15,1667,1,0
67,177,1.29,1.83,0.45,588,0,0
1020,97,3.83,0.97,0.49,1112,1,0
13,329,51.38,9.27,2.42,2,0,1
588,1337,3.74,1.28,0.48,2980,1,0
264,128,1.94,1.36,0.61,1684,1,0
801,675,2.09,1.73,0.37,2861,1,0
477,490,5.36,1.34,0.28,2448,1,0
325,823,4.48,1.13,0.21,1235,1,0
10,1595,36.43,7.63,2.85,58,0,1
5,203,65.21,8.79,2.97,27,0,1
37,872,27.71,4.83,1.93,7,0,1
161,135,1.45,2.4,0.69,853,1,0
171,290,0.61,1.74,0.44,2890,1,0
1008,648,1.2,1.12,0.18,926,1,0
517,232,5.71,0.49,0.78,853,1,0
21,269,87.92,6.47,3.81,34,0,1
440,547,0.98,1.74,0.72,326,1,0
786,249,2.72,0.52,0.43,535,1,0
895,139,3.14,2.48,0.56,2716,1,0
906,36,1.18,0.67,0.35,2729,1,0
667,514,3.72,1.02,0.48,1193,1,0
2990,74,0.9,2.22,0.28,2133,1,0
328,141,2.39,1.14,0.59,1710,1,0
3,869,64.66,11.36,1.67,35,1,1
14,2398,16.62,9.86,4.77,40,0,1
57,1030,3.09,0.27,0.57,1619,1,0
174,46,3.66,1.63,0.43,2642,1,0
603,25,4.32,1.16,0.47,2129,1,0
1524,77,4.19,0.21,0.74,493,1,0
272,207,1.68,1.55,0.38,254,1,0
1027,488,4.49,1.81,0.28,453,1,0
1099,1594,3.22,0.22,0.16,1132,1,0
76,1168,2.51,2.3,0.64,2454,1,0
621,426,3.96,1.47,0.79,2383,1,0
1265,117,0.96,1.31,0.44,2679,1,0
43,923,18.25,8.92,4.4,11,0,1
46,297,25.49,11.84,2.88,15,0,1
690,396,4.04,0.4,0.72,1337,1,0
32,643,88.4,11.43,2.56,52,1,1
1632,132,3.67,0.83,0.67,166,1,0
21,528,69.82,10.81,3.63,51,0,1
37,758,15.99,8.45,3.82,36,1,1
538,47,1.14,1.57,0.26,392,1,0
514,179,4.46,1.68,0.3,2452,1,0
638,342,0.56,1.8,0.33,3024,1,0
561,136,1.62,0.98,0.41,1052,1,0
138,1541,1.09,2.34,0.74,1752,1,0
373,417,2.37,0.89,0.48,1669,1,0
232,202,0.96,0.32,0.24,376,1,0
84,143,71.01,6.18,4.55,30,0,1
37,629,62.97,4.92,4.99,26,0,1
773,200,5.08,1.24,0.59,477,1,0
828,115,1.3,0.93,0.78,933,1,0
48,222,3.64,2.39,0.44,2648,1,0
54,171,3.67,2.39,0.69,846,1,0
12,2913,87.48,10.2,2.87,31,0,1
205,301,0.67,0.5,0.71,2442,1,0
466,204,4.57,2.0,0.62,2353,1,0
277,273,2.32,1.94,0.3,571,1,0
2374,122,3.87,1.2,0.1,1638,1,0
461,842,2.09,0.4,0.75,1303,1,0
79,531,75.87,5.08,2.52,10,1,1
181,525,5.69,1.41,0.46,1556,1,0
417,389,5.92,2.36,0.7,2861,1,0
672,921,2.66,2.41,0.36,1983,1,0
151,408,78.42,8.17,2.44,47,0,1
55,528,55.91,8.94,2.92,13,1,1
459,549,2.76,1.02,0.36,1398,1,0
500,294,1.24,1.34,0.18,534,1,0
587,450,2.71,2.29,0.53,2495,1,0
1961,706,5.2,0.6,0.25,1021,1,0
97,135,21.47,6.19,2.2,15,1,1
526,22,2.86,1.14,0.14,2212,1,0
795,541,0.5,2.39,0.66,2907,0,0
1659,683,5.1,0.41,0.6,3077,1,0
537,1184,2.94,1.58,0.41,2995,1,0
447,484,4.86,1.54,0.73,3023,1,0
26,126,43.0,8.29,4.69,51,0,1
88,375,3.43,0.81,0.72,2978,1,0
1356,213,4.55,1.29,0.14,2980,1,0
825,203,0.6,0.43,0.42,2254,1,0
743,499,4.37,1.33,0.74,1642,1,0
163,167,0.73,1.66,0.24,1077,1,0
267,130,1.43,1.98,0.15,1533,1,0
59,1203,83.91,4.36,2.54,18,0,1
234,168,3.37,1.73,0.34,2344,1,0
235,331,0.63,0.38,0.36,3025,1,0
85,769,4.53,1.61,0.67,1382,1,0
460,338,3.46,1.5,0.76,2901,1,0
81,3259,23.37,6.12,3.23,51,0,1
69,264,36.46,9.85,2.08,22,0,1
288,512,2.52,1.48,0.12,2605,1,0
657,536,1.65,2.23,0.51,1457,1,0
1741,582,1.64,0.98,0.66,2271,1,0
379,524,2.63,0.69,0.52,3126,1,0
400,468,3.48,2.14,0.62,327,1,0
867,817,4.08,2.17,0.13,1210,1,0
165,52,4.83,2.12,0.17,2755,1,0
470,729,2.81,0.65,0.26,1690,1,0
82,1823,64.42,10.25,2.17,4,1,1
77,133,4.32,1.14,0.71,1058,0,0
244,365,2.57,1.43,0.71,2933,1,0
32,976,95.67,11.99,2.32,44,0,1
34,23,3.03,1.32,0.07,2245,1,0
522,163,1.42,1.14,0.22,1781,1,0
456,88,4.19,1.93,0.13,1576,1,0
577,142,3.4,1.39,0.74,1824,1,0
26,3375,81.06,6.28,4.45,27,1,1
87,330,74.6,6.33,2.54,19,1,1
186,20,4.43,0.59,0.13,874,1,0
417,38,5.84,1.85,0.29,1122,1,0
620,83,1.54,2.18,0.24,1309,1,0
682,187,4.26,0.25,0.6,1635,1,0
1885,1060,5.5,1.38,0.32,1568,1,0
108,355,93.05,10.52,4.93,53,0,1
97,67,2.1,1.61,0.65,2892,1,0
1,326,23.48,6.91,3.25,4,0,1
148,436,3.05,1.34,0.37,3065,1,0
466,552,3.56,2.34,0.33,1564,1,0
593,155,1.38,1.45,0.45,381,1,0
49,330,54.9,9.76,3.35,24,0,1
48,3178,72.1,4.6,3.11,53,0,1
225,3375,21.65,11.47,2.77,50,0,1
378,422,4.76,0.28,0.49,719,1,0
286,273,2.34,0.45,0.16,251,1,0
155,235,95.43,9.87,3.73,39,1,1
97,301,4.33,1.55,0.67,370,1,0
488,210,2.37,1.63,0.72,1663,1,0
338,63,0.84,0.32,0.34,1178,1,0
68,157,33.8,6.19,3.42,10,0,1
144,1893,30.36,7.25,2.74,47,0,1
112,557,2.68,0.8,0.33,1668,1,0
14,659,16.63,10.18,2.1,4,1,1
75,1949,56.95,5.64,4.08,42,0,1
1432,64,5.9,2.18,0.57,3013,1,0
156,253,0.89,1.1,0.61,1328,1,0
46,2363,19.04,7.08,2.05,42,0,1
685,154,1.59,2.35,0.06,1485,0,0
426,298,2.27,0.5,0.33,2200,1,0
483,376,1.6,0.86,0.17,910,1,0
37,1009,95.32,5.56,3.75,49,0,1
15,435,18.34,6.44,4.11,4,0,1
62,1778,53.7,9.58,2.86,11,0,1
550,1203,0.88,1.37,0.3,1700,0,0
19,1985,62.09,7.6,2.5,19,0,1
91,3859,52.29,7.15,4.46,26,0,1
187,564,3.43,2.06,0.64,805,1,0
81,567,29.67,4.02,3.08,22,0,1
154,805,1.92,0.72,0.41,1671,1,0
220,94,4.45,1.97,0.4,2327,1,0
119,1374,5.02,0.67,0.19,533,1,0
857,273,4.81,1.92,0.5,2243,0,0
254,426,0.55,0.28,0.69,2236,1,0
728,648,2.19,0.28,0.75,1202,1,0
436,605,1.72,0.82,0.23,3174,1,0
43,2953,27.49,11.77,4.82,53,0,1
633,592,5.92,0.61,0.62,1183,1,0
358,651,3.06,1.44,0.8,1367,1,0
302,219,4.33,2.36,0.46,2493,1,0
12,867,16.7,6.02,3.31,2,0,1
462,360,5.59,1.68,0.36,2987,1,0
163,76,4.22,1.49,0.64,2403,1,0
215,938,24.61,10.63,2.38,47,1,1
746,382,3.03,1.04,0.31,2090,1,0
710,108,3.22,2.02,0.41,1786,1,0
679,230,5.42,0.57,0.8,512,0,0
111,409,77.02,10.49,4.51,59,0,1
773,69,2.74,2.15,0.33,1952,1,0
52,4068,19.74,8.59,4.52,29,0,1
523,181,1.35,2.15,0.44,2996,1,0
60,105,51.36,5.58,4.69,12,0,1
37,436,32.84,8.79,1.81,5,0,1
64,990,50.94,8.53,2.78,56,0,1
701,907,4.92,0.62,0.27,2336,1,0
84,1495,77.02,4.8,4.01,41,1,1
55,29,2.55,0.54,0.47,2947,1,0
1148,20,1.43,0.27,0.3,2919,1,0
589,260,5.66,0.48,0.21,240,1,0
17,2343,66.42,8.91,3.36,7,0,1
381,2083,90.94,10.59,1.86,15,0,1
19,226,55.19,9.42,4.56,45,1,1
63,24,4.14,0.87,0.24,1159,1,0
459,252,3.32,1.75,0.34,916,1,0
22,1589,79.32,9.34,2.32,36,0,1
427,339,3.2,1.5,0.59,484,1,0
117,47,5.87,2.4,0.1,1501,1,0
428,729,5.73,1.66,0.32,1990,1,0
1473,837,3.57,0.95,0.27,251,1,0
389,177,3.09,2.08,0.14,2765,1,0
1789,222,1.69,1.06,0.3,687,1,0
418,823,0.68,1.68,0.62,2466,1,0
813,1071,2.33,1.36,0.06,171,1,0
6,431,30.05,4.23,4.68,2,1,1
129,993,5.41,1.7,0.55,166,1,0
1291,921,4.13,0.99,0.72,1039,1,0
93,1040,1.27,0.72,0.47,2480,1,0
188,20,4.66,2.47,0.66,1553,1,0
27,918,55.56,7.58,4.21,32,0,1
15,142,64.57,5.84,2.02,39,1,1
866,300,5.42,2.35,0.66,2088,1,0
2472,148,1.61,1.22,0.09,3134,1,0
41,1273,57.25,4.26,3.64,43,0,1
71,383,33.81,5.29,2.8,51,1,1
319,375,4.46,0.75,0.18,3114,1,0
2421,184,4.37,0.71,0.25,1711,1,0
140,142,0.7,1.82,0.42,437,1,0
6,1143,23.01,10.03,1.57,16,1,1
790,50,5.02,1.33,0.69,1982,1,0
252,390,68.04,7.68,1.64,2,0,1
658,354,3.54,0.27,0.4,2970,1,0
618,625,4.81,1.39,0.69,1343,1,0
194,151,0.79,2.03,0.36,848,1,0
1420,738,3.54,1.62,0.41,1344,1,0
110,236,2.4,1.35,0.39,1732,1,0
461,131,1.51,0.35,0.62,1453,1,0
810,474,3.09,1.09,0.33,2102,1,0
95,2384,29.5,5.09,3.71,19,0,1
1347,122,5.61,1.85,0.62,764,1,0
471,95,2.18,0.94,0.17,775,1,0
10,131,68.5,11.81,2.66,8,0,1
119,1786,67.91,6.52,3.4,7,1,1
65,3788,37.13,4.15,3.41,42,1,1
11,433,58.57,6.64,4.51,29,1,1
551,613,2.33,2.11,0.26,1815,1,0
417,173,1.97,2.42,0.17,2551,1,0
2,1420,36.5,4.32,2.91,56,0,1
561,298,5.3,0.39,0.56,2224,1,0
1741,712,0.73,1.28,0.35,1095,1,0
25,722,98.24,4.71,4.73,29,0,1
1093,198,2.87,1.14,0.33,2972,1,0
99,65,2.85,0.43,0.51,588,1,0
34,172,4.22,1.31,0.78,2816,1,0
57,767,5.51,2.09,0.15,3193,1,0
802,974,1.8,2.29,0.28,3128,1,0
1870,42,4.4,1.42,0.41,831,1,0
11,985,36.53,11.64,1.6,13,0,1
350,125,3.2,2.21,0.58,1918,1,0
740,92,4.83,0.78,0.36,1218,1,0
7,1017,27.08,9.64,4.67,27,0,1
132,909,56.45,8.63,3.91,8,1,1
29,182,81.83,7.02,1.85,38,1,1
110,3578,88.75,4.02,2.83,49,0,1
582,392,2.51,2.28,0.43,1567,1,0
438,98,3.32,2.07,0.63,2555,1,0
205,812,5.41,0.65,0.15,3125,1,0
1372,889,3.48,1.69,0.46,306,1,0
452,437,3.26,1.33,0.18,1000,1,0
160,1464,1.34,0.82,0.49,2011,1,0
79,1791,35.17,6.31,4.78,49,1,1
81,236,3.58,0.63,0.39,1983,1,0
941,754,2.28,2.13,0.13,2705,1,0
81,430,3.1,2.29,0.32,1025,1,0
395,188,4.32,1.95,0.69,3117,1,0
785,220,4.22,1.29,0.8,2373,1,0
91,2665,84.23,7.67,2.38,23,0,1
475,301,3.39,2.44,0.73,643,1,0
360,198,4.89,1.41,0.48,2751,1,0
115,520,2.89,0.88,0.09,1636,1,0
15,1405,80.41,5.96,1.67,51,0,1
1689,415,2.27,0.77,0.06,868,1,0
598,92,3.41,1.56,0.27,256,0,0
46,557,2.25,2.03,0.37,1531,1,0
779,147,1.17,1.48,0.3,1499,1,0
35,1165,61.26,9.92,3.97,32,1,1
104,722,50.08,10.11,3.54,6,1,1
48,571,4.67,2.39,0.09,1970,1,0
21,204,62.83,7.83,1.87,37,1,1
73,2693,49.81,11.62,4.53,19,0,1
29,665,63.94,8.67,4.12,31,0,1
98,507,97.56,4.94,4.85,7,0,1
58,508,5.18,1.2,0.75,1950,1,0
1150,160,2.45,2.28,0.73,3128,1,0
111,714,2.75,2.48,0.4,1839,1,0
20,185,91.13,10.42,1.99,47,0,1
345,137,5.23,1.81,0.46,2009,1,0
33,336,32.71,9.29,4.69,25,0,1
53,2354,78.61,10.95,3.38,45,0,1
286,217,3.31,2.34,0.71,560,1,0
23,477,67.26,11.22,4.87,39,1,1
476,113,3.39,1.48,0.61,820,1,0
301,1301,2.94,1.94,0.61,959,1,0
113,809,95.33,5.72,1.76,53,1,1
2972,475,5.65,2.1,0.68,1885,1,0
137,722,60.8,7.57,3.48,29,0,1
107,746,65.06,5.11,1.51,16,1,1
92,978,1.68,0.67,0.19,192,1,0
1277,400,1.54,0.86,0.41,3060,1,0
819,251,2.14,1.25,0.1,2585,1,0
805,48,5.75,0.64,0.71,2618,1,0
33,1529,46.51,5.47,3.05,11,1,1
90,375,3.95,1.44,0.55,504,1,0
233,1146,4.69,2.44,0.08,1019,1,0
36,131,4.23,0.73,0.43,2857,1,0
331,206,3.01,0.61,0.53,1260,1,0
71,1137,45.96,5.68,4.22,30,0,1
160,92,4.77,0.73,0.44,1527,1,0
105,2325,53.34,4.12,2.99,37,0,1
662,86,4.06,0.62,0.61,1184,1,0
3,676,74.93,5.81,4.28,38,0,1
291,283,3.79,1.29,0.57,1472,1,0
174,22,2.16,1.92,0.65,767,1,0
35,2837,75.08,9.78,1.8,14,0,1
785,188,4.83,0.98,0.66,548,1,0
21,677,44.64,10.11,1.84,22,1,1
71,1161,5.92,0.4,0.27,1285,1,0
573,433,4.67,0.47,0.67,2302,1,0
1352,501,1.61,1.19,0.42,318,1,0
7,1415,58.03,4.21,4.74,51,0,1
185,71,2.5,0.79,0.43,3097,1,0
1353,440,3.11,2.17,0.4,2799,1,0
112,793,3.73,2.24,0.75,313,1,0
311,413,4.86,0.85,0.47,2311,1,0
1039,392,5.72,0.98,0.13,1694,1,0
175,143,79.05,8.2,2.79,5,0,1
45,462,92.37,6.43,3.07,33,0,1
135,616,21.87,7.1,3.6,31,1,1
3,468,84.63,4.64,4.49,7,1,1
298,398,1.34,0.35,0.21,539,1,0
37,1077,82.14,9.25,3.63,25,0,1
351,758,1.77,0.21,0.54,767,1,0
1205,51,1.09,1.34,0.51,988,1,0
572,177,0.64,1.93,0.21,2695,1,0
546,845,5.25,1.05,0.21,2514,1,0
11,2682,31.84,4.21,1.57,38,1,1
253,174,2.37,1.76,0.09,2983,1,0
4845,95,4.74,0.71,0.11,2818,1,0
340,504,3.56,2.16,0.29,1747,1,0
22,2542,29.1,5.2,3.52,40,0,1
327,1191,1.86,1.74,0.61,1516,1,0
830,264,3.63,1.79,0.49,2830,1,0
243,116,0.71,0.3,0.7,2219,1,0
48,2181,55.82,10.96,2.76,55,1,1
208,352,3.43,0.52,0.49,1110,1,0
1811,430,5.32,1.75,0.32,1713,1,0
1965,137,5.31,2.33,0.55,2990,1,0
1864,505,0.73,2.29,0.41,1553,1,0
127,273,5.07,0.24,0.25,157,1,0
811,661,5.7,1.6,0.24,2968,1,0
43,1408,93.57,9.7,2.79,43,0,1
323,228,1.42,0.25,0.15,2146,1,0
2693,190,3.8,2.36,0.18,2338,1,0
5,2272,84.11,4.27,1.82,4,0,1
457,324,1.97,2.3,0.33,288,1,0
484,229,2.01,0.5,0.66,3188,1,0
318,404,4.45,1.1,0.73,1858,1,0
654,1241,4.87,0.29,0.3,1585,1,0
61,2025,77.16,11.91,2.45,52,1,1
299,549,1.07,2.02,0.45,1041,1,0
52,358,17.58,7.47,3.49,52,1,1
481,580,2.92,1.92,0.2,1281,1,0
40,532,5.1,1.12,0.39,2746,1,0
233,176,4.23,1.5,0.17,1095,1,0
729,1726,4.72,2.37,0.21,2503,0,0
696,273,2.41,2.18,0.69,218,1,0
23,691,85.72,6.48,4.8,12,1,1
699,136,2.29,2.12,0.62,1153,1,0
4,357,56.29,4.69,4.45,43,1,1
739,1148,3.55,1.58,0.78,2108,0,0
65,2694,82.62,8.67,3.85,59,0,1
56,466,69.41,8.86,2.04,13,0,1
7,438,86.0,6.62,3.21,56,0,1
25,1125,79.2,11.21,4.7,47,0,1
2,632,27.03,9.68,3.81,4,1,1
201,246,4.17,1.19,0.38,350,1,0
898,1006,2.77,1.17,0.58,3025,1,0
378,655,3.85,0.45,0.52,719,1,0
38,2398,54.31,6.24,2.31,52,0,1
362,102,4.75,1.29,0.31,1251,1,0
41,1491,91.25,11.21,2.65,57,0,1
313,924,2.01,0.83,0.28,2017,1,0
808,921,4.21,0.67,0.75,956,1,0
86,351,1.13,0.52,0.28,1009,1,0
1048,593,1.94,0.76,0.77,175,1,0
163,1197,2.38,1.21,0.58,1942,1,0
514,544,0.73,0.23,0.39,552,1,0
174,246,1.59,1.46,0.14,220,1,0
1880,81,4.4,0.36,0.13,1702,1,0
1846,1178,4.79,1.58,0.39,1236,1,0
584,366,1.78,0.31,0.76,1106,1,0
7,2094,17.35,10.67,1.99,53,1,1
137,353,2.22,0.61,0.69,1380,1,0
141,213,5.29,1.04,0.76,3036,1,0
147,814,2.66,0.21,0.26,1972,1,0
115,66,5.57,1.93,0.49,2496,1,0
882,205,1.84,1.88,0.36,3143,1,0
1558,1101,1.83,2.04,0.37,2948,1,0
848,271,1.75,0.66,0.37,2454,1,0
730,152,3.15,0.3,0.66,3169,1,0
36,94,4.09,1.61,0.64,924,1,0
59,528,61.37,5.18,3.08,53,0,1
92,1081,31.31,8.65,3.27,25,0,1
353,50,1.04,1.16,0.28,2972,1,0
880,322,4.37,0.8,0.76,1766,1,0
302,62,4.21,0.22,0.41,738,1,0
2360,269,5.0,1.37,0.42,2987,1,0
78,486,61.33,5.79,3.05,30,1,1
1388,234,0.6,2.18,0.18,2046,0,0
336,1726,1.05,1.17,0.28,2910,1,0
192,53,3.95,0.97,0.55,247,1,0
58,362,87.89,4.47,2.25,59,0,1
758,100,3.85,1.87,0.29,2678,1,0
325,346,3.67,0.58,0.35,1197,1,0
889,283,5.67,0.88,0.36,2550,1,0
505,41,2.69,0.82,0.8,1090,1,0
706,186,3.49,2.13,0.71,639,1,0
274,37,3.79,2.17,0.34,2407,1,0
312,80,4.4,2.17,0.56,204,1,0
73,357,4.66,0.45,0.68,1844,1,0
2162,54,5.46,0.49,0.34,2746,1,0
453,380,4.39,2.12,0.14,2620,1,0
389,240,3.3,2.37,0.46,3057,1,0
802,689,4.24,1.6,0.47,2775,1,0
7,2176,50.2,6.03,4.54,27,1,1
213,21,3.23,0.43,0.62,992,1,0
84,155,4.8,0.55,0.54,2948,1,0
1029,66,1.88,2.26,0.59,2100,1,0
350,38,4.81,1.76,0.4,2894,1,0
18,2368,82.74,8.12,1.96,14,1,1
321,744,5.72,2.05,0.33,2555,1,0
10,137,47.79,11.23,2.34,13,1,1
45,636,2.27,0.29,0.74,575,1,0
222,46,0.77,0.47,0.1,2469,1,0
21,696,93.96,11.29,4.0,53,0,1
24,1146,68.01,7.85,2.9,59,1,1
29,1529,37.91,4.8,2.73,25,0,1
85,589,64.34,4.59,2.11,53,0,1
1830,2693,2.55,0.89,0.69,3195,1,0
80,1774,45.2,8.59,4.42,41,0,1
276,82,1.78,2.28,0.08,820,1,0
48,940,33.55,5.31,2.33,31,0,1
1799,269,0.82,1.88,0.3,2143,1,0
43,1726,93.88,6.09,2.67,28,1,1
1419,57,1.23,1.34,0.13,1204,1,0
636,1214,5.98,1.06,0.5,2761,1,0
731,230,1.63,1.13,0.11,2270,1,0
19,241,88.5,7.95,3.5,35,0,1
158,566,1.2,0.44,0.58,786,1,0
416,258,4.4,1.63,0.53,2327,1,0
263,250,2.19,2.47,0.66,652,0,0
56,131,1.13,1.43,0.69,2397,1,0
26,879,83.87,10.71,4.68,31,1,1
101,353,1.87,1.19,0.53,933,1,0
1,124,15.71,4.88,2.34,14,1,1
249,74,3.5,2.17,0.56,1053,1,0
782,540,4.17,2.2,0.7,1915,1,0
52,1975,15.48,11.94,2.14,29,1,1
182,279,1.23,1.11,0.18,1259,1,0
3021,2124,1.13,1.87,0.09,242,1,0
2049,1151,1.57,0.57,0.23,1722,1,0
13,1654,41.31,11.38,3.8,27,1,1
1051,157,2.37,2.35,0.17,278,1,0
81,1724,93.16,8.27,1.85,36,1,1
5,308,16.04,8.75,4.6,40,1,1
69,953,4.98,0.92,0.78,1028,1,0
1305,586,3.6,0.48,0.45,1238,1,0
881,985,0.58,2.06,0.75,2557,1,0
80,28,3.96,1.65,0.79,1364,1,0
617,718,5.65,2.05,0.37,2086,1,0
434,117,1.43,0.2,0.59,488,1,0
242,348,2.69,1.75,0.09,528,1,0
21,485,20.7,11.17,3.92,9,0,1
185,1357,50.48,9.61,4.15,47,0,1
29,112,93.76,8.83,2.21,55,1,1
2746,848,5.99,0.76,0.68,2660,1,0
92,1573,2.13,2.2,0.05,214,1,0
193,488,3.61,0.38,0.17,1333,1,0
79,691,22.94,7.87,1.82,9,0,1
1207,1054,5.04,0.97,0.25,1824,1,0
251,255,19.19,9.55,4.41,51,1,1
1877,306,5.53,2.43,0.69,1094,1,0
506,261,5.33,0.43,0.24,2442,1,0
20,638,67.92,5.27,4.51,27,1,1
408,148,1.28,0.21,0.45,476,1,0
45,454,29.89,10.2,4.81,7,0,1
161,142,98.1,4.04,4.56,19,1,1
258,444,0.94,0.76,0.63,1762,1,0
365,835,2.97,2.45,0.77,1153,1,0
1158,114,3.93,0.37,0.68,682,1,0
26,1046,87.67,11.79,3.04,5,1,1
529,257,2.2,1.36,0.3,2458,1,0
1286,333,1.81,2.16,0.47,780,1,0
295,764,2.99,1.87,0.12,1357,1,0
83,291,38.61,6.64,3.78,45,1,1
457,686,2.9,0.48,0.47,3054,1,0
44,1244,94.1,7.43,2.66,58,1,1
20,785,50.28,5.19,4.85,25,1,1
155,337,0.63,1.96,0.49,2058,1,0
172,50,2.09,1.64,0.47,2017,1,0
16,408,26.65,10.79,3.66,12,0,1
1268,563,4.13,1.14,0.25,3137,1,0
18,2169,79.51,6.38,2.99,12,0,1
799,144,5.01,2.49,0.11,1592,1,0
963,590,2.42,1.24,0.5,3120,1,0
129,445,99.07,9.36,3.12,37,0,1
222,68,1.13,1.0,0.62,2004,1,0
1177,387,5.78,1.74,0.18,1595,1,0
47,26,1.21,0.78,0.37,1636,1,0
701,382,2.12,0.23,0.11,1344,1,0
313,415,3.51,0.73,0.31,2022,1,0
869,342,2.49,1.04,0.71,269,1,0
55,1357,18.23,8.84,3.2,8,0,1
1356,339,2.77,0.37,0.59,2293,1,0
458,247,3.76,0.74,0.76,1945,1,0
388,675,1.39,0.87,0.56,1112,1,0
7,1682,20.81,4.1,4.64,35,0,1
188,403,3.3,2.48,0.79,2086,1,0
34,1361,23.63,6.63,1.76,6,0,1
428,634,3.17,0.97,0.11,1828,1,0
602,1532,1.11,0.69,0.4,3104,1,0
1401,182,5.96,0.44,0.09,2759,1,0
86,68,0.68,0.44,0.21,3108,1,0
934,618,3.44,2.03,0.5,1109,1,0
487,713,5.9,1.15,0.62,454,1,0
24,144,45.88,8.89,1.92,55,0,1
1625,511,2.31,1.1,0.61,1984,1,0
325,287,5.94,0.69,0.36,1040,1,0
896,158,0.95,0.23,0.37,1401,1,0
32,425,90.75,7.93,3.6,7,0,1
1761,376,2.39,1.64,0.73,985,1,0
1941,95,4.46,1.61,0.56,1221,1,0
721,117,2.81,0.63,0.06,3108,1,0
175,266,64.93,5.61,4.27,47,0,1
1488,106,3.87,2.47,0.71,3067,1,0
96,103,3.25,2.02,0.16,2162,1,0
21,1292,54.69,10.5,2.05,47,0,1
11,1274,87.67,6.02,2.65,33,0,1
1030,614,1.3,1.27,0.63,1178,1,0
3,1132,27.98,10.64,2.74,18,1,1
60,222,2.54,0.86,0.73,2440,1,0
782,319,5.45,0.92,0.48,1677,1,0
395,112,4.66,1.24,0.77,945,1,0
1725,455,5.29,2.1,0.32,1980,1,0
490,124,4.59,1.41,0.36,969,1,0
4,148,33.47,11.77,4.93,39,1,1
174,1450,1.29,0.43,0.13,1898,1,0
304,1544,2.89,0.55,0.4,2221,1,0
398,380,1.97,1.69,0.79,299,1,0
42,419,96.17,7.87,2.66,12,0,1
1103,401,5.52,0.73,0.14,168,1,0
3858,494,2.2,2.22,0.64,197,1,0
244,84,1.74,1.28,0.37,1031,1,0
891,1866,4.78,0.88,0.23,813,1,0
41,1122,74.97,9.44,2.52,21,1,1
22,362,46.82,6.18,1.81,50,1,1
178,46,4.56,0.69,0.35,345,1,0
79,1894,32.6,6.69,1.97,6,1,1
669,332,4.71,2.13,0.66,200,1,0
54,618,98.51,9.32,4.85,13,1,1
262,1845,1.37,1.39,0.64,1469,1,0
2606,241,3.82,0.33,0.68,2126,1,0
39,378,0.57,0.2,0.51,726,1,0
665,42,2.22,0.54,0.49,2168,1,0
206,57,0.93,1.18,0.76,814,1,0
93,392,4.24,1.68,0.7,1633,1,0
234,454,3.87,1.42,0.56,2094,1,0
45,1758,36.14,9.43,4.66,24,1,1
804,44,3.7,0.5,0.78,2624,1,0
107,381,2.4,0.28,0.46,1332,1,0
81,2812,79.31,10.58,2.26,17,0,1
899,1201,4.44,2.23,0.53,1332,1,0
76,32,4.33,1.21,0.46,1850,1,0
417,274,2.64,2.09,0.39,1991,1,0
101,2532,37.95,4.28,2.41,18,1,1
658,54,1.24,0.56,0.52,2393,1,0
1724,110,2.2,0.75,0.32,2939,1,0
68,840,17.45,4.51,3.38,43,0,1
64,1930,50.01,9.97,2.91,41,1,1
2921,189,2.76,0.58,0.2,2264,1,0
331,99,2.07,1.25,0.27,862,1,0
34,329,4.87,0.81,0.5,2190,1,0
30,568,86.05,10.07,2.62,7,0,1
89,369,0.78,0.97,0.61,1047,1,0
850,132,4.51,1.92,0.35,791,1,0
128,1222,29.7,9.46,3.0,36,1,1
464,692,4.47,1.61,0.16,2699,1,0
118,287,1.92,1.94,0.59,579,1,0
149,658,3.01,0.96,0.17,661,1,0
509,72,1.12,0.37,0.61,2321,1,0
522,55,5.47,2.29,0.57,2974,1,0
1088,357,2.18,0.7,0.3,2066,1,0
209,272,1.78,1.55,0.74,2431,1,0
554,287,1.53,2.26,0.24,428,1,0
10,611,17.4,5.1,2.11,5,1,1
1118,206,5.31,0.69,0.29,609,1,0
28,1145,79.74,8.37,3.7,56,0,1
296,525,3.86,0.61,0.33,1576,1,0
10,2940,79.8,7.85,3.88,54,0,1
15,960,82.92,4.29,4.94,28,0,1
237,96,4.85,2.4,0.36,3054,1,0
33,1333,51.97,8.47,1.7,42,0,1
85,2016,35.15,6.59,3.18,36,0,1
568,161,0.81,0.21,0.13,2566,1,0
364,307,1.31,1.47,0.16,2014,1,0
160,598,0.63,1.06,0.13,1225,1,0
24,694,40.55,9.25,4.72,25,0,1
16,2216,63.59,7.64,2.02,28,0,1
144,2470,22.13,8.13,2.29,25,1,1
479,182,1.64,2.04,0.52,1577,1,0
21,3636,59.21,7.21,3.32,47,0,1
148,371,4.16,1.84,0.71,1282,1,0
1937,248,3.93,1.73,0.46,776,1,0
1007,342,3.19,0.46,0.11,1185,1,0
1873,632,4.13,1.39,0.18,3134,1,0
97,292,5.31,2.24,0.06,2853,1,0
53,772,5.25,1.57,0.48,2630,1,0
1354,341,5.82,2.49,0.14,2741,1,0
324,399,0.81,1.36,0.7,801,1,0
1712,243,2.47,1.21,0.44,2077,1,0
390,700,3.44,0.98,0.54,2339,1,0
64,94,2.07,0.85,0.56,205,1,0
215,168,3.4,0.7,0.71,410,1,0
1165,402,2.11,1.17,0.58,3118,1,0
281,2547,0.52,0.26,0.67,758,1,0
192,242,4.52,1.64,0.23,1684,1,0
1042,176,5.9,1.83,0.1,257,1,0
810,101,3.31,0.41,0.74,1199,1,0
1768,22,3.05,0.26,0.73,1731,1,0
6,632,94.92,9.54,4.54,23,0,1
2227,26,5.71,1.05,0.06,2251,1,0
2052,90,1.5,1.5,0.53,2405,1,0
1946,427,5.16,1.44,0.36,3130,1,0
1239,1245,4.21,1.46,0.05,272,1,0
153,137,2.18,1.03,0.37,451,0,0
702,328,2.94,1.66,0.67,1454,1,0
1871,752,2.84,1.68,0.18,1859,1,0
468,1070,2.74,2.5,0.48,278,1,0
222,33,5.01,0.83,0.65,1029,1,0
183,593,66.12,8.88,3.46,55,1,1
26,2281,30.39,8.35,4.83,38,1,1
54,2111,95.28,6.18,2.09,30,1,1
13,104,44.15,11.75,3.93,25,0,1
294,94,1.08,2.29,0.8,650,1,0
270,267,1.63,0.89,0.2,2511,1,0
634,215,5.5,2.43,0.18,830,1,0
87,249,3.7,1.4,0.3,1804,1,0
12,1270,18.69,4.53,3.43,8,0,1
142,352,4.37,0.67,0.55,706,1,0
27,1266,99.58,11.5,1.51,53,0,1
1865,152,2.6,0.41,0.13,2366,1,0
48,1484,79.77,6.1,1.66,2,0,1
195,45,1.49,0.49,0.74,577,1,0
569,333,1.04,0.93,0.09,1356,1,0
524,492,3.43,1.2,0.34,2717,1,0
825,586,2.81,0.88,0.4,434,0,0
101,102,3.27,2.15,0.23,3002,1,0
1945,746,2.5,0.37,0.48,1853,1,0
276,880,44.34,5.49,1.52,31,0,1
1075,300,5.54,1.64,0.68,602,1,0
704,94,1.54,2.33,0.07,1560,1,0
686,752,2.48,1.18,0.79,2540,1,0
29,393,50.01,9.73,1.88,17,0,1
369,722,0.64,1.75,0.75,872,1,0
2245,1331,1.79,0.43,0.16,2291,1,0
702,183,1.43,1.54,0.41,2372,1,0
278,158,1.66,0.81,0.12,1207,0,0
153,569,2.29,1.74,0.59,1922,1,0
43,556,5.77,2.18,0.18,1146,1,0
581,518,2.24,1.44,0.57,1435,1,0
74,173,67.8,5.88,3.45,57,1,1
341,157,1.79,1.42,0.14,1825,0,0
264,119,5.84,1.87,0.31,433,1,0
174,327,5.09,1.62,0.53,1800,1,0
135,890,40.99,7.68,2.15,38,0,1
95,108,3.14,2.24,0.47,2228,1,0
43,752,71.03,4.4,3.23,19,0,1
1975,100,2.21,1.37,0.7,1420,1,0
1194,168,2.66,1.02,0.67,285,1,0
712,353,2.9,1.44,0.2,1463,1,0
116,432,88.77,9.15,1.57,44,0,1
3597,844,2.14,0.79,0.34,1236,1,0
20,1167,28.96,10.77,4.34,29,1,1
15,119,67.63,7.66,3.49,54,1,1
633,597,0.96,0.57,0.6,1465,1,0
251,393,1.52,1.64,0.18,344,1,0
187,899,0.8,0.61,0.46,1617,0,0
34,1791,4.12,1.04,0.4,962,1,0
53,2458,30.65,10.72,1.93,14,0,1
8,2841,54.05,4.62,4.86,52,1,1
1656,119,5.1,1.79,0.7,2580,1,0
923,141,2.31,0.45,0.75,1037,1,0
25,3638,43.48,10.23,4.49,27,0,1
856,996,4.65,0.72,0.72,1332,1,0
90,329,81.68,8.77,4.63,11,0,1
1103,27,1.12,2.48,0.26,3125,1,0
298,579,4.12,1.54,0.45,2722,1,0
380,87,3.78,0.78,0.3,1587,0,0
87,483,2.86,2.19,0.57,174,1,0
89,627,5.95,1.42,0.56,873,1,0
1193,93,1.96,1.22,0.58,1296,1,0
89,205,4.4,0.72,0.54,650,1,0
7,3024,61.9,10.37,2.66,36,0,1
146,1614,77.1,4.37,3.42,29,1,1
208,145,2.76,0.76,0.15,2765,1,0
1215,731,2.05,1.46,0.11,2941,1,0
330,164,3.03,0.78,0.33,2589,1,0
247,273,5.31,0.32,0.72,818,1,0
554,342,5.23,0.43,0.31,1791,1,0
176,669,2.7,0.63,0.62,427,1,0
69,196,3.81,1.48,0.35,1458,1,0
395,1245,5.18,0.53,0.07,2997,1,0
493,626,2.23,1.31,0.78,2200,1,0
115,111,4.72,0.88,0.07,3029,1,0
1,397,34.98,7.38,4.72,52,0,1
347,343,1.84,0.32,0.75,719,1,0
413,290,0.6,0.54,0.33,2235,1,0
359,345,5.39,0.95,0.15,1642,1,0
99,241,0.6,0.28,0.41,1059,1,0
47,765,49.67,7.98,1.64,53,1,1
150,71,1.29,1.72,0.55,2736,1,0
30,1143,73.5,8.1,3.16,39,0,1
649,399,4.46,1.68,0.44,2229,1,0
195,20,3.58,1.56,0.78,1252,1,0
12,180,80.69,6.0,3.63,41,0,1
1284,254,2.07,2.26,0.7,650,0,0
86,155,5.85,1.48,0.33,2860,1,0
257,1153,5.17,2.14,0.43,2557,1,0
540,1670,2.1,2.03,0.42,271,1,0
10,1198,22.28,11.57,2.52,15,0,1
1781,517,4.58,1.35,0.41,485,1,0
200,1531,4.88,1.15,0.16,2545,1,0
155,115,3.56,2.01,0.29,408,1,0
857,120,1.71,2.38,0.77,3170,1,0
155,115,2.37,0.93,0.77,2556,1,0
153,981,5.05,0.58,0.7,980,1,0
671,444,1.02,0.93,0.79,2219,1,0
12,190,38.54,5.99,2.32,13,0,1
268,706,1.51,1.27,0.06,1619,1,0
2312,645,3.2,0.4,0.49,2464,1,0
42,1951,80.3,10.42,4.58,56,0,1
534,645,4.33,2.49,0.06,1233,1,0
212,120,4.4,0.39,0.61,2264,1,0
204,416,4.69,2.22,0.69,3092,1,0
1465,681,5.42,0.23,0.77,1594,1,0
111,221,1.99,0.87,0.14,2607,0,0
19,310,65.07,6.03,2.41,30,1,1
107,97,1.86,2.44,0.35,1976,1,0
434,50,0.69,1.28,0.35,567,1,0
248,653,68.09,11.7,4.41,28,1,1
112,307,2.03,0.57,0.37,549,1,0
395,322,1.31,0.52,0.49,3154,1,0
231,834,0.9,2.21,0.44,1395,1,0
18,501,90.21,9.79,3.84,48,0,1
607,266,4.8,0.91,0.53,2840,1,0
71,310,2.4,1.75,0.76,1631,1,0
667,63,1.89,2.31,0.55,191,1,0
719,598,5.12,0.87,0.75,1836,1,0
574,72,5.8,0.48,0.24,2631,1,0
1122,310,2.57,2.32,0.08,2761,1,0
95,264,64.32,11.1,3.16,45,1,1
830,1057,2.96,0.6,0.09,901,1,0
519,101,0.71,0.28,0.67,1953,1,0
113,180,98.33,8.93,2.14,41,1,1
29,2275,27.81,6.23,1.83,14,0,1
1527,52,2.85,1.42,0.72,3192,1,0
2149,638,5.8,1.83,0.11,1375,1,0
289,147,3.68,2.35,0.08,2496,1,0
167,3036,79.79,8.16,2.21,33,1,1
114,1815,31.6,8.8,2.66,2,0,1
102,759,1.92,0.85,0.77,1306,0,0
17,239,23.74,4.62,3.58,12,0,1
1218,240,5.54,1.35,0.35,2438,1,0
86,442,3.18,2.02,0.74,1334,1,0
446,1618,5.07,2.3,0.24,2506,1,0
12,3275,16.64,11.72,2.02,49,0,1
289,117,3.72,1.0,0.54,197,1,0
6,697,84.26,11.11,2.36,35,1,1
18,678,59.54,5.08,1.59,10,0,1
4,331,43.72,4.62,2.17,54,0,1
665,214,4.2,1.55,0.22,2733,1,0
1067,228,5.92,1.97,0.77,1718,1,0
875,869,5.8,0.95,0.65,792,1,0
148,190,5.62,0.54,0.52,1958,1,0
266,351,1.53,2.04,0.78,805,1,0
31,1615,38.94,4.16,3.39,57,0,1
356,1408,4.32,1.85,0.47,3122,1,0
1382,500,4.54,0.87,0.28,2538,1,0
526,134,4.99,0.45,0.67,1988,1,0
498,152,2.28,1.01,0.1,3157,0,0
681,205,4.05,1.02,0.56,2374,1,0
102,447,2.04,0.27,0.36,1472,1,0
62,506,41.8,4.48,3.9,34,0,1
762,328,3.08,1.38,0.53,2163,1,0
8,287,69.35,10.98,2.93,11,1,1
90,2437,66.58,10.89,1.55,8,0,1
778,48,3.23,1.29,0.28,2804,1,0
22,1736,17.59,9.38,4.36,56,1,1
260,373,0.93,0.79,0.12,1111,1,0
22,1007,51.84,7.67,4.89,19,0,1
356,45,3.19,2.07,0.12,362,1,0
73,1516,63.03,7.75,4.61,46,1,1
84,1232,53.93,10.92,4.74,3,0,1
160,457,89.24,7.11,1.92,6,0,1
15,837,74.63,11.89,3.05,32,0,1
495,311,0.55,0.2,0.12,459,1,0
167,920,5.61,2.44,0.75,979,1,0
145,676,5.39,2.16,0.38,2463,1,0
54,579,2.84,2.49,0.12,2759,1,0
1083,699,5.54,0.89,0.76,612,1,0
368,724,3.1,2.11,0.6,788,1,0
4,2614,40.88,8.0,2.98,11,0,1
158,111,1.53,1.32,0.65,1885,1,0
51,1385,71.75,7.6,3.91,6,1,1
932,132,4.72,0.23,0.21,348,1,0
71,1948,15.38,8.01,3.97,11,0,1
5,320,55.44,9.23,2.01,12,0,1
193,122,2.67,1.7,0.38,2516,1,0
111,40,5.33,0.38,0.16,217,1,0
44,4868,90.39,7.29,2.8,19,0,1
119,76,1.13,0.75,0.28,3082,1,0
2663,206,3.02,0.95,0.19,586,1,0
2627,38,1.33,1.17,0.19,1259,1,0
395,146,2.44,0.42,0.37,3148,1,0
1284,761,5.74,2.02,0.54,2762,1,0
402,1833,4.73,2.41,0.63,2818,1,0
887,316,5.58,2.1,0.68,2202,1,0
51,1117,3.72,0.89,0.16,2680,1,0
85,1239,46.11,6.43,1.53,50,0,1
627,300,3.4,2.33,0.07,2508,1,0
2,717,20.36,10.31,3.35,3,0,1
599,676,2.91,1.48,0.65,2012,1,0
599,415,4.54,1.63,0.78,751,1,0
493,465,1.05,1.08,0.63,2306,0,0
504,56,5.98,2.26,0.07,2768,1,0
291,528,2.93,1.71,0.31,1133,1,0
124,731,2.42,1.12,0.72,1664,1,0
1910,891,1.43,1.29,0.78,1285,1,0
160,68,4.57,1.97,0.78,2508,1,0
54,1711,2.37,0.92,0.73,1934,1,0
1349,2025,0.98,2.18,0.34,1748,1,0
2205,141,1.67,0.39,0.47,191,1,0
4,671,18.39,10.68,2.23,21,1,1
852,118,0.9,1.85,0.34,2486,1,0
284,260,4.62,2.28,0.09,1748,0,0
32,2481,45.74,11.46,3.71,56,1,1
95,125,2.67,0.59,0.42,1587,1,0
371,636,5.68,2.22,0.21,1662,1,0
26,592,85.24,7.62,3.33,58,0,1
431,614,1.33,1.61,0.23,2795,1,0
269,384,1.51,0.86,0.36,1228,1,0
579,354,4.1,0.91,0.14,2470,1,0
208,229,3.24,1.43,0.54,276,1,0
68,272,5.05,1.24,0.16,3154,1,0
915,232,1.51,2.37,0.45,2749,1,0
275,1714,3.37,0.52,0.21,1619,0,0
402,237,4.79,1.02,0.79,701,1,0
5,1556,99.55,10.55,3.44,30,1,1
138,5081,48.71,11.93,2.05,16,0,1
220,604,5.19,1.99,0.52,1717,1,0
327,756,4.22,1.8,0.45,2849,1,0
317,621,3.21,2.25,0.31,1276,1,0
404,310,2.33,0.84,0.54,515,1,0
936,104,4.32,1.59,0.19,983,1,0
750,427,3.43,1.97,0.62,2034,1,0
21,2443,67.27,10.58,3.41,14,0,1
308,498,3.12,2.12,0.56,2237,1,0
2520,757,4.84,0.96,0.45,568,1,0
124,342,4.07,1.1,0.42,2820,1,0
971,94,0.7,0.63,0.62,1385,1,0
38,124,75.92,4.88,4.26,11,0,1
72,3492,46.57,10.64,2.17,48,1,1
11,496,26.2,7.06,2.21,39,1,1
37,331,3.66,2.3,0.43,1808,1,0
217,43,2.75,0.32,0.46,1087,1,0
116,1099,5.42,0.64,0.31,2021,1,0
292,135,5.54,2.16,0.48,1737,1,0
1646,1413,1.19,0.57,0.56,1801,0,0
4,2508,88.85,6.86,4.62,36,1,1
364,68,2.89,1.25,0.46,472,1,0
197,108,3.4,1.44,0.38,2504,1,0
594,534,0.64,1.51,0.71,203,1,0
1594,194,3.02,2.46,0.2,349,1,0
1247,275,3.33,2.12,0.6,958,0,0
33,2254,91.15,11.65,4.58,35,0,1
75,1581,60.74,4.7,4.74,28,0,1
50,1332,32.91,10.7,2.51,12,0,1
816,1366,4.95,2.36,0.16,367,1,0
235,724,4.2,2.43,0.24,1631,1,0
194,376,2.94,1.23,0.32,201,1,0
275,20,2.19,0.84,0.35,552,1,0
59,1194,83.32,7.62,3.32,49,0,1
755,248,2.8,1.95,0.18,1182,1,0
296,124,3.69,2.04,0.64,1261,1,0
570,223,5.1,1.88,0.61,748,1,0
1217,300,4.26,1.55,0.68,1017,1,0
7,1389,77.22,4.34,3.87,26,0,1
356,106,2.79,1.08,0.6,2511,1,0
43,1089,4.27,0.28,0.66,760,1,0
407,237,5.39,1.21,0.11,3037,1,0
722,272,1.01,2.02,0.11,359,1,0
9,108,50.96,5.1,2.06,6,0,1
63,1920,53.47,8.05,1.61,6,0,1
40,1579,66.43,7.14,1.91,47,0,1
67,891,77.79,11.26,4.72,33,0,1
215,1118,3.02,0.49,0.37,537,1,0
524,184,0.89,2.37,0.63,2708,1,0
888,285,1.61,0.49,0.31,569,1,0
60,252,2.99,0.89,0.48,607,1,0
21,1084,75.83,11.11,4.43,37,0,1
449,605,5.33,0.44,0.34,2517,1,0
21,682,66.24,12.0,3.23,14,0,1
55,347,3.5,0.67,0.57,2410,1,0
283,1881,2.56,1.95,0.39,2569,1,0
691,791,5.67,1.53,0.23,1365,1,0
53,315,19.36,9.46,2.38,30,1,1
526,54,1.52,0.7,0.24,1874,1,0
166,47,1.44,2.46,0.4,2795,1,0
459,510,1.56,1.78,0.25,2687,1,0
920,62,5.35,0.9,0.54,1636,1,0
652,1198,0.73,2.31,0.51,2612,1,0
32,2334,50.26,8.28,1.57,11,0,1
787,369,1.29,1.22,0.32,1661,1,0
927,55,5.4,1.29,0.61,577,1,0
191,250,0.59,0.55,0.12,881,1,0
736,31,3.9,0.52,0.76,2995,1,0
48,131,94.2,8.18,1.65,21,0,1
329,463,3.08,1.08,0.14,897,1,0
1018,78,3.77,0.99,0.22,2100,1,0
336,379,3.2,0.9,0.47,2191,0,0
32,165,30.84,8.48,4.53,53,0,1
28,1062,27.5,10.12,4.1,54,0,1
176,722,4.19,2.26,0.09,1970,1,0
51,308,3.85,0.64,0.25,2103,1,0
1201,187,1.97,2.47,0.73,238,1,0
6,130,38.26,6.15,4.37,43,1,1
775,236,4.34,2.5,0.58,2473,1,0
102,508,5.18,2.4,0.21,1686,1,0
200,386,1.92,0.97,0.38,1764,1,0
437,161,1.37,0.31,0.2,1924,1,0
141,65,4.62,0.9,0.76,2328,1,0
18,915,21.73,4.94,2.12,46,0,1
36,467,2.83,1.37,0.21,1832,1,0
75,153,1.84,0.77,0.33,2645,1,0
165,333,4.0,1.4,0.38,735,1,0
26,1846,79.91,5.07,1.81,54,0,1
1200,43,3.4,1.44,0.7,447,1,0
27,2309,94.81,11.94,4.86,2,0,1
125,191,5.06,2.25,0.19,2039,1,0
403,63,3.02,1.06,0.48,1487,0,0
3099,333,3.1,2.4,0.17,727,1,0
211,662,1.99,0.28,0.44,749,1,0
644,1048,4.81,0.62,0.65,2107,1,0
90,1038,54.61,9.09,2.54,12,0,1
189,53,0.5,1.6,0.32,2444,1,0
429,229,4.08,1.02,0.77,3005,1,0
1547,258,3.45,1.91,0.57,2866,1,0
308,571,85.8,9.58,3.92,20,1,1
116,371,68.17,7.14,4.96,29,0,1
318,444,0.92,1.59,0.75,2743,1,0
251,1419,28.79,4.1,2.1,50,0,1
189,586,3.72,2.0,0.61,304,1,0
184,342,4.04,0.59,0.78,1638,1,0
139,1070,74.43,8.2,4.42,3,0,1
32,187,75.0,7.15,2.45,2,1,1
1106,221,3.6,0.72,0.52,187,1,0
650,1021,2.6,1.96,0.5,2977,1,0
260,892,0.77,0.51,0.11,2721,0,0
99,760,15.34,7.21,2.15,38,1,1
431,36,4.11,2.14,0.59,2681,1,0
1348,175,0.57,2.14,0.76,2149,1,0
204,271,5.44,0.54,0.67,1038,1,0
1547,243,2.51,2.05,0.45,2237,1,0
129,765,1.58,2.34,0.24,2388,1,0
20,508,78.57,8.45,4.59,19,1,1
868,85,2.7,1.31,0.32,1132,1,0
175,514,5.64,1.5,0.51,360,1,0
231,401,5.89,1.57,0.59,1508,1,0
80,139,74.56,4.18,4.52,11,0,1
575,264,2.37,1.28,0.28,1486,1,0
531,128,5.94,1.35,0.2,1605,1,0
2,1351,61.58,5.36,4.36,23,0,1
89,1219,91.35,9.04,4.09,50,0,1
75,1146,20.91,8.07,1.79,44,0,1
154,322,66.51,5.69,3.65,43,1,1
1042,788,0.92,0.99,0.57,1670,1,0
41,675,48.15,10.48,2.93,3,0,1
1193,1313,4.29,1.04,0.75,2171,1,0
73,624,55.69,5.49,2.52,47,1,1
65,788,22.35,4.46,2.81,28,0,1
1,5135,45.93,10.78,3.37,9,1,1
772,319,3.33,0.4,0.54,2929,1,0
213,950,2.06,1.7,0.45,1968,1,0
243,39,4.59,1.92,0.55,2113,1,0
2,1919,56.75,6.45,1.86,5,0,1
82,2860,91.22,11.36,4.68,32,0,1
989,116,1.97,0.74,0.44,1131,1,0
392,848,3.64,2.22,0.2,659,1,0
403,451,4.87,1.93,0.76,1364,1,0
41,229,39.55,5.66,2.89,8,0,1
54,1136,75.21,9.28,1.9,18,0,1
1140,569,1.61,0.99,0.77,1962,1,0
214,114,4.81,1.78,0.56,1835,1,0
67,446,44.99,10.97,2.58,33,1,1
475,728,51.39,10.74,4.32,44,0,1
264,395,5.32,2.23,0.13,1456,1,0
2309,473,2.74,0.26,0.47,443,1,0
867,266,2.86,2.26,0.27,909,1,0
1024,707,1.57,0.53,0.07,872,1,0
194,542,1.89,1.11,0.79,896,1,0
244,66,3.19,1.07,0.57,2643,1,0
2,1161,19.71,8.93,3.9,13,1,1
1482,690,2.18,1.55,0.74,1128,1,0
1,104,79.58,10.09,4.26,55,0,1
188,956,1.47,1.77,0.45,403,1,0
470,785,4.39,1.63,0.42,1060,1,0
345,31,1.66,1.19,0.36,285,1,0
508,52,5.69,0.43,0.69,150,1,0
1,1659,45.74,9.91,2.91,6,1,1
4,2907,19.33,7.83,4.03,24,0,1
884,633,5.57,1.07,0.43,1257,1,0
864,185,2.85,1.13,0.58,2949,1,0
32,1761,69.48,4.48,1.83,4,0,1
1078,170,2.61,2.29,0.68,2178,1,0
104,26,1.09,0.87,0.46,345,1,0
10,1199,67.34,8.41,2.38,23,0,1
184,931,5.89,1.69,0.74,2110,0,0
3469,61,4.25,0.78,0.34,2120,1,0
203,182,2.38,2.41,0.65,1548,1,0
84,288,32.89,6.93,4.58,9,0,1
438,149,3.63,1.24,0.38,491,1,0
1062,888,1.79,0.46,0.09,2005,1,0
24,1352,75.6,11.48,1.73,13,0,1
1244,649,3.66,0.39,0.25,1058,1,0
15,183,77.11,6.39,3.08,9,1,1
530,947,3.23,2.37,0.72,1908,1,0
20,600,18.87,8.71,4.03,46,0,1
382,97,4.14,0.56,0.73,853,1,0
1171,265,0.63,1.34,0.11,3155,1,0
207,351,0.92,2.04,0.74,2817,1,0
266,34,4.08,1.43,0.39,2918,1,0
1,183,33.99,4.27,3.26,20,0,1
70,351,73.45,6.79,3.29,56,0,1
446,790,3.73,0.84,0.35,2224,1,0
55,49,2.29,0.74,0.25,824,1,0
7,3089,27.26,5.64,2.36,56,1,1
78,221,86.09,7.27,2.42,35,1,1
934,902,5.6,0.75,0.37,194,1,0
130,810,2.31,1.05,0.08,1146,1,0
45,228,0.67,1.05,0.18,919,1,0
373,147,3.74,0.53,0.24,1816,1,0
712,290,4.75,2.38,0.14,1170,1,0
128,684,4.68,1.31,0.45,331,1,0
970,361,1.96,1.74,0.32,1811,1,0
24,1495,90.13,4.04,4.77,31,1,1
1191,271,5.09,0.61,0.17,2155,1,0
1367,432,3.39,0.96,0.79,1125,1,0
485,395,2.66,2.42,0.48,3010,0,0
540,525,4.6,2.28,0.05,151,1,0
47,1488,1.72,1.29,0.1,1742,1,0
57,183,2.65,2.48,0.21,1811,1,0
972,2026,5.83,1.33,0.57,486,1,0
1023,301,4.36,1.92,0.24,2820,1,0
171,822,2.8,1.93,0.46,1314,1,0
556,218,1.1,2.26,0.08,2782,1,0
51,2908,27.9,8.54,4.18,45,0,1
618,586,5.13,1.95,0.32,3190,1,0
2,595,25.86,4.97,2.49,5,1,1
76,110,1.01,0.35,0.25,1894,1,0
1280,854,1.47,0.81,0.11,2524,1,0
518,133,1.84,2.48,0.62,2702,1,0
1258,434,5.7,0.85,0.5,2254,1,0
106,4392,56.97,7.13,3.15,51,0,1
3,959,16.47,10.23,2.65,29,1,1
3,289,48.83,5.84,2.68,59,1,1
1321,1126,2.38,0.88,0.23,2681,1,0
191,209,3.29,1.41,0.72,1310,1,0
379,568,5.62,2.29,0.09,777,1,0
368,429,5.7,0.46,0.39,736,1,0
2034,280,1.07,2.01,0.57,1231,1,0
2263,346,3.61,0.88,0.49,1490,1,0
71,136,1.59,1.45,0.5,2006,1,0
358,738,3.12,2.47,0.38,2131,1,0
53,2197,95.11,11.98,2.49,35,0,1
42,288,87.77,11.28,3.07,18,0,1
58,511,92.31,9.37,3.76,34,0,1
1642,415,5.97,1.44,0.58,321,1,0
898,622,4.74,0.72,0.78,3185,1,0
1683,156,4.29,0.98,0.78,459,1,0
28,534,69.87,5.05,4.01,58,1,1
1209,198,2.29,1.39,0.08,3033,1,0
1429,54,5.02,0.55,0.08,2344,1,0
63,990,24.25,11.46,3.08,44,0,1
586,164,1.6,1.45,0.38,1339,1,0
733,38,2.36,1.15,0.12,869,1,0
3380,553,0.98,0.25,0.59,1489,1,0
1572,385,1.53,2.0,0.77,1919,1,0
277,212,4.54,2.33,0.52,2559,1,0
172,323,1.47,1.66,0.27,2564,1,0
403,99,4.06,2.48,0.52,259,0,0
261,107,4.97,2.14,0.24,1143,1,0
120,868,70.77,7.32,3.71,24,0,1
633,377,2.11,0.54,0.33,1416,1,0
1505,34,1.84,0.65,0.43,1460,1,0
196,381,5.36,2.29,0.77,2508,1,0
14,342,15.55,9.65,4.78,12,0,1
853,1070,4.06,2.43,0.31,1217,1,0
320,20,4.52,1.93,0.61,1202,1,0
23,117,62.81,4.99,1.78,45,0,1
160,896,98.56,4.46,3.54,22,1,1
298,140,5.22,1.06,0.06,1340,1,0
15,722,19.82,8.7,4.15,25,0,1
85,110,1.35,1.31,0.45,3044,1,0
579,319,3.34,2.21,0.2,274,1,0
284,27,1.88,0.91,0.51,676,1,0
425,265,5.86,0.3,0.76,1924,1,0
29,765,89.74,11.17,2.34,13,0,1
1413,175,4.09,1.83,0.63,1869,1,0
2077,398,4.51,0.99,0.55,936,1,0
63,910,73.08,6.16,3.6,27,0,1
18,1482,83.5,6.08,2.55,40,1,1
760,479,2.66,1.11,0.24,628,1,0
88,1130,5.05,2.17,0.73,1396,1,0
133,28,4.82,0.37,0.79,2208,1,0
15,1332,18.67,10.7,2.09,42,0,1
72,282,1.43,1.88,0.23,1194,1,0
17,622,84.33,5.43,1.79,21,0,1
499,206,4.84,0.29,0.37,1315,1,0
2063,305,5.93,0.9,0.07,655,1,0
258,60,2.88,0.98,0.14,1053,1,0
245,520,3.87,1.18,0.23,1275,1,0
289,116,1.14,2.22,0.38,2056,1,0
104,970,55.87,11.4,4.02,8,0,1
958,742,3.5,1.48,0.52,1489,1,0
98,1320,4.63,1.65,0.29,640,1,0
55,1204,47.52,8.91,4.35,3,0,1
882,335,4.08,1.39,0.79,316,1,0
5,291,47.56,5.24,4.87,56,0,1
642,325,4.99,1.64,0.05,2477,1,0
457,952,5.5,1.4,0.51,3189,1,0
265,100,5.43,1.91,0.13,3144,1,0
1170,39,3.28,1.81,0.46,2183,1,0
24,2177,28.85,6.17,1.65,23,0,1
1011,443,2.9,1.7,0.09,699,1,0
645,615,2.72,1.86,0.56,3088,1,0
511,388,5.99,0.66,0.44,1205,1,0
188,39,3.65,0.97,0.19,1138,0,0
151,1057,84.26,7.38,4.66,30,0,1
436,548,3.62,0.82,0.16,1998,1,0
90,221,3.33,2.1,0.11,1212,1,0
53,476,86.85,7.95,3.24,58,1,1
296,80,2.29,0.27,0.07,1356,1,0
103,887,63.04,4.05,2.25,3,1,1
124,833,4.04,0.73,0.17,2064,1,0
790,191,3.73,0.91,0.8,2433,1,0
360,405,2.38,0.27,0.35,2987,1,0
5,2479,37.85,5.95,2.54,35,0,1
34,1490,41.91,10.26,2.11,47,1,1
719,282,4.17,0.38,0.69,319,1,0
545,557,0.92,2.32,0.78,1998,1,0
841,179,3.21,2.31,0.77,2977,1,0
188,161,2.93,0.92,0.33,2042,1,0
828,693,0.68,0.31,0.64,1775,1,0
3,424,69.26,10.87,4.71,31,0,1
1104,328,3.34,2.28,0.64,2922,1,0
475,759,1.11,2.03,0.19,2614,1,0
158,276,4.25,1.66,0.37,2893,1,0
452,45,5.57,0.61,0.45,2600,1,0
479,130,4.68,1.5,0.69,2878,1,0
805,338,2.61,1.69,0.73,1420,1,0
25,728,21.25,7.99,3.23,36,0,1
599,862,5.76,1.54,0.08,3106,1,0
275,83,1.29,0.59,0.08,2901,1,0
752,724,4.85,2.23,0.78,1489,1,0
65,180,72.95,9.49,4.67,23,0,1
1,543,20.29,8.17,4.36,13,0,1
166,71,3.31,0.38,0.49,245,1,0
40,1084,17.46,8.59,4.43,43,0,1
568,466,0.7,2.17,0.73,2743,1,0
849,421,4.23,2.05,0.55,1149,1,0
1394,26,4.34,2.4,0.58,3181,1,0
50,721,2.07,1.23,0.28,969,1,0
315,421,4.97,0.88,0.21,2184,1,0
116,117,87.51,8.17,3.67,7,0,1
13,422,57.85,10.5,4.1,36,0,1
364,1460,3.58,0.78,0.22,2014,1,0
34,728,4.37,1.72,0.1,1254,1,0
1220,154,1.36,1.23,0.32,2230,1,0
300,45,5.44,0.29,0.76,2176,1,0
163,36,3.19,1.24,0.3,3070,1,0
680,91,4.54,1.87,0.37,2970,1,0
216,46,4.87,1.63,0.29,649,0,0
10,764,36.01,6.07,4.56,31,1,1
51,201,3.14,0.63,0.14,2804,1,0
79,191,5.77,0.39,0.53,3115,1,0
32,295,32.18,11.12,4.69,37,1,1
838,453,5.05,1.78,0.45,872,1,0
414,159,4.91,1.8,0.75,654,1,0
198,955,1.05,1.71,0.64,1232,1,0
1171,159,0.54,0.88,0.26,2864,1,0
4,801,61.61,4.74,2.82,20,0,1
679,506,1.25,2.07,0.56,2861,1,0
1375,823,2.91,1.08,0.75,2331,1,0
80,1133,24.85,6.33,4.89,20,0,1
62,1556,39.26,6.38,3.14,3,1,1
20,2214,83.22,9.29,2.64,31,0,1
278,773,3.16,2.12,0.13,580,1,0
561,305,3.38,0.7,0.59,408,1,0
43,2801,59.73,5.1,3.5,7,0,1
2,892,22.19,7.76,4.77,43,0,1
182,467,5.42,0.28,0.66,1863,1,0
1929,570,5.18,1.01,0.47,2026,1,0
536,128,1.29,1.06,0.6,2944,1,0
52,219,91.88,8.55,4.23,48,0,1
481,1312,0.99,1.77,0.77,1066,1,0
1657,569,1.77,0.97,0.08,2685,1,0
630,193,0.92,1.93,0.59,2933,1,0
1088,568,3.97,1.18,0.73,2135,1,0
5,477,61.22,6.21,2.27,32,0,1
996,284,3.66,0.54,0.29,1400,1,0
74,377,67.38,5.95,4.96,57,0,1
61,1878,76.28,9.6,4.85,36,0,1
1165,463,4.53,0.74,0.33,599,1,0
394,2365,3.86,2.01,0.3,2686,1,0
746,159,3.52,1.66,0.49,2941,1,0
177,1310,97.61,10.66,2.45,26,0,1
32,103,0.52,1.86,0.37,1103,1,0
1102,1500,4.03,1.26,0.28,828,1,0
27,5382,15.07,5.58,2.16,43,0,1
396,84,2.73,0.44,0.45,448,1,0
42,1515,50.57,7.05,1.84,32,0,1
408,559,5.08,1.93,0.16,2047,1,0
741,212,1.23,2.18,0.51,1231,0,0
492,1046,3.78,2.43,0.15,1883,1,0
38,205,64.55,8.89,4.05,46,1,1
683,117,2.72,1.99,0.77,390,1,0
19,380,57.99,8.85,1.53,47,1,1
169,319,65.54,7.41,2.67,34,1,1
43,1414,4.95,1.93,0.62,1336,1,0
25,2618,30.06,6.34,3.43,20,0,1
436,796,3.38,1.03,0.24,1396,1,0
852,71,1.72,1.07,0.32,1344,1,0
265,298,3.93,0.73,0.59,1818,1,0
83,406,90.07,8.49,3.63,52,1,1
582,579,2.88,1.46,0.1,424,1,0
66,94,4.88,0.2,0.26,1931,1,0
930,302,3.3,1.87,0.42,2005,1,0
337,214,0.52,1.61,0.07,1687,1,0
508,145,4.82,0.82,0.6,2011,1,0
118,346,99.11,4.06,2.42,13,0,1
66,1400,82.35,6.05,3.06,40,0,1
747,422,1.13,2.0,0.59,2150,1,0
16,649,38.79,5.82,4.32,39,0,1
183,1020,1.55,2.03,0.78,2367,1,0
53,369,32.32,6.6,1.52,41,0,1
1043,197,3.14,2.42,0.23,2349,1,0
179,298,2.43,1.98,0.52,1601,1,0
190,580,5.26,2.22,0.64,1394,1,0
24,1219,28.69,11.84,3.96,45,0,1
894,616,4.19,0.87,0.42,486,1,0
197,191,1.39,0.73,0.11,2955,1,0
333,326,3.96,2.32,0.18,1051,1,0
308,29,1.31,0.26,0.79,1000,1,0
3326,386,0.68,0.39,0.41,1388,1,0
29,3091,60.45,9.55,4.64,10,0,1
6,265,58.57,6.57,2.98,58,0,1
496,61,2.25,1.41,0.76,1343,1,0
25,273,34.55,8.94,1.74,28,0,1
358,27,5.92,1.04,0.63,1143,1,0
25,561,16.86,6.88,4.61,42,0,1
45,2550,74.5,5.19,4.54,19,0,1
478,780,5.62,2.34,0.06,2961,1,0
16,895,55.79,8.84,3.18,56,0,1
222,1033,0.92,1.6,0.56,1691,1,0
143,785,1.27,1.12,0.11,1812,1,0
142,1578,60.99,11.46,3.17,34,0,1
346,749,1.52,1.48,0.59,2907,1,0
456,432,2.67,1.28,0.73,2988,1,0
119,779,5.72,1.03,0.44,2526,1,0
252,769,75.69,10.34,3.23,51,0,1
348,65,2.66,1.89,0.74,917,1,0
130,489,5.78,1.67,0.51,1838,1,0
66,1113,71.23,11.19,4.24,47,1,1
230,1057,24.25,7.67,4.26,3,0,1
71,545,3.26,1.05,0.13,2383,1,0
214,442,3.57,1.03,0.53,977,1,0
186,89,4.8,1.83,0.19,504,1,0
929,178,4.12,0.49,0.43,207,1,0
76,277,2.82,1.22,0.08,1252,1,0
24,1481,46.41,7.39,3.47,57,0,1
50,394,5.72,2.48,0.41,1577,1,0
516,422,5.31,1.92,0.42,1558,1,0
394,264,0.59,0.6,0.42,2659,1,0
37,565,23.91,11.67,4.49,6,1,1
286,2127,2.16,0.75,0.48,2697,1,0
62,169,93.11,4.65,4.7,30,0,1
2204,1877,4.08,0.49,0.43,1763,1,0
535,27,4.41,1.84,0.14,1889,1,0
718,55,3.95,0.85,0.43,2508,1,0
105,377,5.83,0.56,0.69,2292,1,0
228,155,5.48,1.03,0.1,1981,1,0
985,430,5.31,2.01,0.13,1312,1,0
354,1455,4.55,0.24,0.71,457,1,0
67,2302,60.59,6.31,2.73,21,0,1
196,395,5.45,0.91,0.19,2707,1,0
134,299,27.26,8.33,3.65,29,0,1
149,281,4.12,1.2,0.56,1526,1,0
247,231,0.63,1.74,0.68,1231,0,0
2625,142,1.2,1.05,0.6,1046,1,0
352,70,2.32,1.87,0.51,515,1,0
644,691,2.42,1.57,0.18,1099,0,0
907,225,4.99,1.83,0.67,1021,1,0
2173,525,5.09,0.23,0.32,2415,1,0
532,244,0.6,0.74,0.26,491,1,0
196,150,5.44,1.27,0.34,2357,1,0
2,754,66.92,6.55,4.2,58,1,1
16,382,96.39,7.67,2.23,43,0,1
16,2425,28.81,4.52,2.44,37,0,1
32,1185,87.14,5.84,4.36,15,1,1
367,68,4.43,0.7,0.18,1242,1,0
189,101,0.55,1.28,0.37,863,1,0
29,1807,75.8,10.89,1.53,58,0,1
2817,136,3.09,1.01,0.32,2718,1,0
2938,400,3.05,0.41,0.8,1832,1,0
343,337,5.68,0.58,0.27,613,1,0
68,54,2.14,1.38,0.35,286,1,0
1862,151,4.52,1.53,0.23,949,1,0
28,478,83.64,7.85,3.79,12,0,1
259,318,4.79,1.97,0.32,2267,1,0
619,84,4.24,0.44,0.7,1725,1,0
3,627,91.77,4.17,3.16,56,0,1
365,365,3.05,0.59,0.06,2009,1,0
97,114,2.54,2.06,0.25,2840,1,0
1727,349,4.12,1.05,0.64,658,0,0
26,2214,79.17,8.14,3.5,9,1,1
78,1275,54.63,11.72,4.58,39,0,1
607,362,2.67,0.91,0.36,1900,1,0
16,1674,60.17,4.54,2.79,53,1,1
264,1133,0.92,2.41,0.23,177,1,0
23,952,82.73,10.74,2.9,26,0,1
3,1227,20.48,9.87,3.39,13,0,1
11,735,82.96,7.7,2.02,43,0,1
834,281,3.0,2.16,0.58,250,1,0
103,120,61.35,9.82,3.68,46,1,1
59,1995,69.88,7.22,3.15,43,1,1
220,187,5.62,1.53,0.18,2174,1,0
87,1606,32.68,11.01,3.34,53,0,1
68,278,1.98,1.85,0.77,2257,1,0
31,1724,86.66,9.69,3.28,38,1,1
205,683,5.73,1.27,0.58,2397,1,0
40,2447,53.16,4.49,4.46,41,1,1
119,32,5.64,0.54,0.66,2660,1,0
114,460,5.39,1.18,0.36,1500,1,0
1365,833,5.99,1.55,0.61,768,1,0
659,945,5.07,2.36,0.7,2799,1,0
1152,394,2.59,0.33,0.56,1151,1,0
716,991,5.04,1.24,0.34,881,1,0
100,1437,3.66,0.49,0.31,1818,1,0
51,1225,2.01,0.24,0.11,1919,1,0
55,210,3.93,0.46,0.28,1424,1,0
36,197,18.95,8.16,2.37,7,0,1
1510,535,4.99,2.21,0.78,2477,1,0
23,320,73.37,11.96,3.14,43,0,1
29,680,57.89,6.94,4.12,52,1,1
185,924,2.38,0.91,0.6,1079,1,0
310,531,2.3,1.65,0.55,2387,1,0
29,300,42.11,7.46,4.0,2,0,1
938,464,4.52,2.07,0.64,2230,1,0
2496,356,1.62,0.87,0.57,2970,1,0
81,873,5.53,0.84,0.33,2163,1,0
105,225,18.23,5.67,2.5,8,0,1
875,91,5.53,1.05,0.55,837,1,0
542,348,4.73,1.94,0.55,1519,1,0
49,5187,84.65,4.35,2.62,35,1,1
40,1796,39.03,5.47,1.69,35,1,1
266,400,0.79,0.43,0.58,1272,1,0
1099,785,1.45,1.32,0.6,2510,1,0
13,335,65.15,9.93,2.62,8,1,1
243,92,1.31,0.92,0.49,1243,0,0
91,157,4.13,0.43,0.47,515,1,0
143,47,4.19,1.27,0.67,451,1,0
19,1697,40.99,7.27,2.56,6,1,1
507,640,4.12,1.38,0.12,2110,1,0
27,1191,81.49,9.48,3.85,10,0,1
3,1498,95.97,6.11,1.81,29,1,1
511,39,5.86,2.11,0.15,2961,1,0
309,267,5.09,1.72,0.09,3070,1,0
851,424,1.53,0.59,0.7,1430,1,0
450,539,3.14,0.86,0.32,2770,1,0
174,1110,4.88,0.33,0.8,2269,1,0
14,1397,81.28,5.91,2.4,19,0,1
143,64,4.23,1.99,0.43,1259,1,0
25,3640,80.29,5.66,2.84,33,0,1
408,684,4.72,1.36,0.69,2440,1,0
1909,143,1.97,2.24,0.63,2975,1,0
622,82,3.27,0.56,0.15,187,1,0
296,64,2.28,0.59,0.76,1126,1,0
92,1247,75.36,9.09,4.81,14,1,1
1096,375,4.14,1.69,0.09,814,1,0
488,210,4.69,1.41,0.06,2395,1,0
138,1275,1.73,1.25,0.14,1990,1,0
291,721,0.55,2.04,0.48,3157,1,0
64,40,5.36,2.13,0.31,2034,1,0
2079,1217,5.91,2.19,0.73,812,1,0
62,3720,63.56,4.68,3.59,41,0,1
330,385,2.56,1.06,0.15,3019,1,0
1,1695,77.88,4.08,2.79,37,0,1
933,241,1.35,2.45,0.23,2338,1,0
269,253,1.56,1.23,0.17,1854,1,0
68,839,1.52,0.72,0.55,1579,1,0
112,675,3.89,0.51,0.33,2621,1,0
99,206,1.83,1.39,0.68,1480,1,0
1444,363,3.61,0.8,0.51,1906,1,0
2836,874,4.62,1.44,0.4,713,1,0
922,261,5.35,0.54,0.43,2123,1,0
1350,1844,1.14,0.5,0.15,2227,1,0
67,671,68.35,10.16,3.42,33,0,1
347,335,3.04,2.27,0.73,2656,1,0
788,221,1.78,0.99,0.1,1161,1,0
1897,170,5.46,0.73,0.19,1732,1,0
57,119,3.01,0.96,0.58,1709,1,0
1379,158,4.52,1.99,0.77,1670,1,0
274,473,3.05,1.21,0.69,303,1,0
1176,302,3.2,1.03,0.8,489,1,0
716,1109,4.79,1.68,0.14,1289,1,0
1308,573,4.67,1.7,0.43,607,1,0
118,536,1.38,1.81,0.57,1550,1,0
256,174,4.35,0.46,0.67,2471,1,0
791,461,4.61,0.63,0.17,871,1,0
976,555,5.59,0.33,0.06,2282,1,0
21,970,23.71,9.14,2.64,38,1,1
142,1088,3.42,2.32,0.21,1993,1,0
922,392,3.22,2.3,0.33,820,1,0
616,251,3.18,2.41,0.6,487,1,0
186,1525,92.78,6.43,4.1,43,0,1
510,414,3.15,2.1,0.67,2744,1,0
431,212,5.07,1.33,0.23,1697,1,0
735,183,1.93,2.4,0.63,2550,1,0
1126,589,3.79,2.41,0.19,3027,1,0
480,72,3.47,1.61,0.8,3124,1,0
286,1916,3.01,2.16,0.21,1692,1,0
147,1366,82.81,5.41,4.03,37,0,1
102,65,4.48,0.53,0.4,1238,1,0
62,1369,58.82,7.71,2.89,51,0,1
16,1595,45.58,10.78,2.65,42,0,1
322,188,4.99,2.42,0.4,2665,1,0
2083,686,0.93,1.84,0.45,200,1,0
1558,1061,4.89,2.46,0.65,181,1,0
48,59,1.7,1.36,0.69,2778,1,0
1610,297,5.39,1.24,0.26,2945,1,0
35,538,71.34,11.96,1.59,54,0,1
23,303,79.37,4.4,3.44,19,0,1
916,118,1.73,0.83,0.49,2161,0,0
196,245,2.33,2.23,0.64,2058,1,0
61,2141,65.56,10.28,4.12,35,0,1
69,354,81.26,10.44,4.38,29,0,1
6,1596,90.33,9.21,2.0,56,1,1
370,381,4.77,1.89,0.78,500,1,0
736,903,5.31,2.45,0.43,2683,1,0
359,136,5.0,2.47,0.24,321,1,0
610,1304,1.89,0.36,0.42,410,1,0
110,121,1.08,2.39,0.26,1503,1,0
708,404,4.38,2.11,0.71,2110,1,0
489,149,5.34,1.45,0.73,272,1,0
1801,134,5.68,2.39,0.71,1869,1,0
1252,618,3.97,2.46,0.56,3125,1,0
119,260,2.62,2.0,0.17,3127,1,0
366,148,3.69,0.33,0.16,2424,1,0
191,649,1.01,1.21,0.07,1207,1,0
86,896,5.5,0.44,0.79,1057,1,0
1,677,68.53,6.66,4.43,43,0,1
825,1148,1.01,0.9,0.4,1668,1,0
244,460,4.05,1.53,0.14,1604,1,0
435,1039,3.14,0.23,0.38,2652,1,0
37,416,54.53,8.51,5.0,39,1,1
435,195,4.97,1.34,0.8,1544,1,0
718,39,1.88,1.01,0.6,1657,0,0
605,232,5.57,1.35,0.58,817,1,0
795,957,0.69,1.23,0.56,440,1,0
1739,249,5.92,0.33,0.59,1922,1,0
2151,75,5.43,1.79,0.24,2900,1,0
85,641,87.33,9.09,1.99,39,0,1
348,94,0.62,0.69,0.45,1618,1,0
15,1371,74.86,6.86,4.58,39,1,1
17,100,88.56,10.58,1.93,23,1,1
663,807,1.27,1.19,0.12,1338,0,0
115,923,87.23,4.48,2.3,17,0,1
1004,215,1.63,0.35,0.11,2468,1,0
807,478,1.24,0.53,0.62,2349,1,0
78,24,2.08,0.22,0.22,1429,1,0
96,927,3.72,2.35,0.31,2215,1,0
607,75,0.51,2.34,0.47,2977,1,0
268,224,4.38,1.5,0.74,227,1,0
270,99,3.31,1.36,0.15,765,1,0
345,172,1.32,0.21,0.78,3027,1,0
3215,467,0.88,0.47,0.74,2071,1,0
1401,257,0.77,0.63,0.1,725,1,0
105,92,2.95,0.98,0.4,1458,1,0
1690,65,1.05,2.16,0.43,2487,1,0
89,2932,69.02,4.85,4.63,47,1,1
52,661,1.26,0.71,0.48,958,1,0
47,225,70.76,11.39,2.06,36,0,1
399,155,2.45,0.27,0.79,2055,1,0
320,330,2.59,1.03,0.4,991,1,0
517,760,1.34,0.28,0.24,3138,1,0
573,1079,2.95,2.46,0.27,882,1,0
315,413,2.18,1.62,0.26,305,1,0
108,3986,75.9,9.46,3.46,9,0,1
235,903,1.45,2.32,0.44,2332,1,0
16,3600,37.62,6.37,2.19,9,0,1
52,768,62.07,4.98,4.31,47,0,1
25,178,82.33,9.9,4.66,15,0,1
11,610,59.39,4.43,4.0,33,1,1
220,954,5.99,2.31,0.63,2627,1,0
156,472,4.42,2.47,0.46,977,1,0
2358,98,2.29,1.45,0.18,217,1,0
1233,37,2.86,1.95,0.76,3155,1,0
1832,34,4.6,1.68,0.24,1697,1,0
103,587,68.21,5.27,2.22,59,1,1
1991,160,1.41,1.36,0.42,683,1,0
299,102,2.33,1.5,0.59,1619,1,0
119,1004,5.61,1.77,0.06,1788,1,0
3168,2235,5.22,0.35,0.76,2018,1,0
343,174,3.05,0.54,0.32,2765,0,0
9,247,49.26,11.98,2.11,10,1,1
1312,33,4.63,1.71,0.63,1658,1,0
56,126,2.68,1.23,0.74,1858,0,0
344,235,5.81,1.58,0.53,2325,1,0
634,128,5.31,1.88,0.61,3189,1,0
1090,1229,1.33,1.34,0.49,1154,1,0
892,530,5.98,0.8,0.6,1831,1,0
135,924,3.78,2.1,0.46,820,1,0
318,1463,0.53,2.47,0.79,3188,1,0
2021,221,0.64,0.72,0.76,191,1,0
77,154,0.98,2.18,0.49,2901,1,0
2154,305,4.01,1.53,0.41,2730,1,0
999,637,1.55,1.7,0.2,1929,1,0
3564,32,1.0,0.38,0.35,2655,1,0
67,2599,42.44,4.71,1.7,51,1,1
749,186,2.59,2.4,0.1,2509,1,0
53,562,2.32,1.86,0.58,1781,1,0
551,155,4.54,1.56,0.06,2900,1,0
1247,877,2.95,1.37,0.36,1520,1,0
961,74,3.86,2.49,0.5,2546,1,0
288,205,4.48,1.35,0.48,2324,1,0
16,274,39.8,8.06,2.7,34,0,1
457,203,3.44,1.17,0.26,2907,1,0
716,1054,3.46,2.22,0.14,1656,1,0
34,254,2.53,1.74,0.75,411,1,0
382,262,4.76,1.22,0.07,2315,1,0
462,368,1.4,0.71,0.23,1463,1,0
472,105,1.96,1.08,0.52,1492,1,0
42,404,21.71,4.2,2.38,7,0,1
919,523,3.86,2.16,0.26,2849,1,0
337,227,1.04,2.44,0.15,1189,1,0
4,281,18.81,6.34,4.53,21,0,1
652,2293,1.78,0.84,0.78,695,1,0
14,3062,98.43,10.52,2.6,25,0,1
1358,1003,2.8,1.71,0.17,1476,1,0
25,586,15.08,10.43,4.61,58,1,1
507,145,6.0,1.56,0.56,2231,1,0
1,373,71.57,11.16,3.9,25,0,1
67,1587,66.6,6.33,4.74,34,1,1
174,188,5.31,0.32,0.43,1619,1,0
17,371,93.72,8.57,1.87,13,1,1
160,397,2.81,2.24,0.62,1970,0,0
1301,255,5.62,1.34,0.57,361,1,0
277,193,1.15,0.54,0.19,1151,1,0
305,535,0.96,1.56,0.41,3132,1,0
393,616,1.56,1.49,0.11,1211,1,0
791,289,4.63,1.39,0.11,2392,1,0
1433,359,4.64,1.93,0.17,650,1,0
20,805,99.82,7.45,4.04,42,0,1
4,968,74.53,11.99,2.76,53,0,1
731,384,0.79,0.38,0.07,1281,1,0
143,392,2.09,2.03,0.65,2515,1,0
230,683,1.52,0.87,0.19,2206,1,0
664,234,1.05,2.3,0.43,1391,1,0
158,76,2.73,0.72,0.23,2872,1,0
426,487,5.73,0.46,0.68,1931,1,0
241,283,4.3,0.76,0.45,2238,1,0
100,2339,55.01,11.78,1.76,2,0,1
581,416,3.12,0.49,0.18,2749,1,0
702,456,3.79,0.67,0.37,2272,1,0
41,1247,5.15,0.8,0.51,2965,1,0
449,263,2.76,2.12,0.34,344,1,0
56,230,4.45,0.67,0.53,2245,1,0
580,481,3.07,0.97,0.51,3132,1,0
328,269,0.92,1.47,0.3,520,1,0
32,225,1.08,0.26,0.67,2944,1,0
39,458,56.95,7.49,2.44,42,0,1
3,1705,71.6,7.99,3.14,30,0,1
329,297,3.41,1.79,0.58,1301,1,0
310,327,2.99,2.25,0.57,2890,1,0
2154,423,5.8,0.56,0.09,1916,1,0
354,115,3.37,1.69,0.29,2330,1,0
1393,157,2.3,1.05,0.35,455,1,0
302,867,5.6,0.26,0.79,2315,1,0
326,312,2.29,1.63,0.12,2044,1,0
40,341,3.68,1.18,0.1,2874,1,0
103,306,3.23,0.34,0.51,2615,1,0
12,2280,44.12,11.57,1.75,30,0,1
15,1723,68.29,4.14,3.63,30,0,1
274,2602,39.86,8.33,2.61,46,1,1
296,675,3.24,1.11,0.75,1706,1,0
56,433,42.61,11.46,3.87,49,0,1
500,1441,2.25,0.57,0.43,1332,1,0
110,5248,63.33,10.2,4.51,42,0,1
132,49,0.55,0.9,0.34,885,1,0
38,451,82.66,4.06,4.45,57,1,1
823,1104,1.65,2.49,0.63,2366,1,0
40,1267,67.73,9.64,1.79,22,0,1
16,308,26.81,6.93,3.23,5,1,1
899,544,1.45,1.59,0.45,3146,1,0
544,781,1.35,0.23,0.57,449,1,0
69,446,68.43,11.34,2.61,14,0,1
113,45,0.98,1.19,0.29,2305,1,0
77,932,23.71,9.68,2.77,6,1,1
277,118,5.29,2.27,0.3,1232,1,0
823,46,3.76,2.39,0.25,2921,1,0
218,581,1.81,1.9,0.65,903,1,0
1033,197,1.42,0.41,0.48,3133,1,0
29,946,38.76,5.3,3.19,28,0,1
1862,390,3.83,0.49,0.8,2507,1,0
350,298,3.37,0.65,0.57,2904,1,0
84,556,2.0,1.63,0.57,1131,1,0
509,833,4.7,2.2,0.07,892,1,0
30,2527,54.74,10.8,2.65,21,1,1
28,1815,35.11,11.59,3.51,46,0,1
437,945,5.32,0.31,0.28,1502,1,0
